"id","username","status","category","context","llm","created_at"
1,FluffyIdiotChecker,Свободно,Проверка качества товаров,проверка. Магазин плюшевых идиотов,gemini-flash-1.5,2025-02-13 15:42:38.407
2,PlushyFoolVerifier,Свободно,Проверка качества товаров,проверка. Магазин плюшевых идиотов,gemini-flash-1.5,2025-02-13 15:42:40.728
3,StuffieQualityControl,Свободно,Проверка качества товаров,проверка. Магазин плюшевых идиотов,gemini-flash-1.5,2025-02-13 15:42:42.324
4,FactChecker_Pro,Свободно,Проверка,проверка,gemini-flash-1.5,2025-02-14 11:34:19.620
5,CheckAccuracy,Свободно,Проверка,проверка,gemini-flash-1.5,2025-02-14 11:35:05.825
6,CheckItOut_now,Доступно для покупки,Проверка,проверка,gemini-flash-1.5,2025-02-14 11:39:30.495
7,FactCheckerPro,Свободно,Проверка,проверка,gemini-flash-1.5,2025-02-14 11:39:35.752
8,CheckPoint_Pro,Свободно,Verification services,проверка,gemini-flash-1.5,2025-02-14 11:40:11.908
9,VerifyMeNow,Свободно,Verification services,проверка,gemini-flash-1.5,2025-02-14 11:40:12.643
10,FactChecker123,Свободно,Verification services,проверка,gemini-flash-1.5,2025-02-14 11:40:14.113
12,FactCheck_Bot,Занято,Проверка,проверка,gemini-flash-1.5,2025-02-14 11:40:29.231
13,VerifyData,Свободно,Проверка,проверка,gemini-flash-1.5,2025-02-14 11:40:29.913
14,TruthSeekerBot,Занято,Проверка,проверка,gemini-flash-1.5,2025-02-14 11:40:31.556
15,ValidationMaster,Свободно,Проверка,проверка,gemini-flash-1.5,2025-02-14 11:40:32.302
16,LinkCheckPro,Свободно,Проверка связи,проверка связи,gemini-flash-1.5,2025-02-14 11:51:00.438
17,Connection_Validator,Свободно,Проверка связи,проверка связи,gemini-flash-1.5,2025-02-14 11:51:09.268
18,HelloMate,Продано,Приветствие,привет,gemini-flash-1.5,2025-02-14 12:05:57.974
19,HiThereBuddy,Занято,Приветствие,привет,gemini-flash-1.5,2025-02-14 12:06:14.478
20,Hello_World123,Доступно для покупки,Приветствие,привет,gemini-flash-1.5,2025-02-14 12:06:23.364
21,GreetingsBot,Занято,Приветствие,привет,gemini-flash-1.5,2025-02-14 12:06:25.015
22,SayHello_Bot,Занято,Приветствие,привет,gemini-flash-1.5,2025-02-14 12:06:30.491
23,HelloThere_123,Занято,Приветствие,привет,gemini-flash-1.5,2025-02-14 12:08:01.346
24,HiBuddyBot,Занято,Приветствие,привет,gemini-flash-1.5,2025-02-14 12:08:07.230
25,SukaBlyat,Доступно для покупки,"Негативные эмоции, оскорбления",сука,gemini-flash-1.5,2025-02-14 12:08:52.140
26,SukaQueen666,Свободно,"Негативные эмоции, оскорбления",сука,gemini-flash-1.5,2025-02-14 12:08:57.364
27,WhatTheFck_Dude,Свободно,Ненормативная лексика,whatthefuck,gemini-flash-1.5,2025-02-14 12:09:47.864
28,WTF_Explainer,Свободно,Ненормативная лексика,whatthefuck,gemini-flash-1.5,2025-02-14 12:09:56.807
29,NowWhat_123,Свободно,"Загадка, неопределенность",А теперь?,gemini-flash-1.5,2025-02-14 12:11:12.192
30,CheckPoint_Control,Свободно,Проверка,проверка,gemini-flash-1.5,2025-02-14 12:19:40.907
33,CheckItOut,Доступно для покупки,Проверка,проверка,gemini-flash-1.5,2025-02-15 12:20:02.001
34,FactChecker_bot,Занято,Проверка,проверка,gemini-flash-1.5,2025-02-15 12:20:07.704
36,TruthSeeker123,Занято,Проверка,проверка,gemini-flash-1.5,2025-02-15 12:20:09.049
37,AuthenticityCheck,Свободно,Проверка,проверка,gemini-flash-1.5,2025-02-15 12:20:14.233
38,AntiGeneration,Занято,Вызов генератору,да ты не сгенерируешь,gemini-flash-1.5,2025-02-15 12:23:41.234
39,Unpredictable_Mind,Свободно,Вызов генератору,да ты не сгенерируешь,gemini-flash-1.5,2025-02-15 12:23:50.733
40,DefyTheAlgorithm,Свободно,Вызов генератору,да ты не сгенерируешь,gemini-flash-1.5,2025-02-15 12:23:52.275
41,ChaosGenerator,Занято,Вызов генератору,да ты не сгенерируешь,gemini-flash-1.5,2025-02-15 12:23:53.690
42,NoisyPrediction,Свободно,Вызов генератору,да ты не сгенерируешь,gemini-flash-1.5,2025-02-15 12:23:55.246
43,Waiting4Answer,Занято,"Задержка, ожидание",почему так долдго?,gemini-flash-1.5,2025-02-15 12:24:16.839
44,DelayedResponse,Свободно,"Задержка, ожидание",почему так долдго?,gemini-flash-1.5,2025-02-15 12:24:22.120
45,Nonsense_Checker,Свободно,"Скептицизм, абсурд",что за бред?,gemini-flash-1.5,2025-02-15 12:24:55.084
46,WhatTheHeck_bot,Занято,"Скептицизм, абсурд",что за бред?,gemini-flash-1.5,2025-02-15 12:24:56.485
47,AbsurdityDetector,Свободно,"Скептицизм, абсурд",что за бред?,gemini-flash-1.5,2025-02-15 12:25:01.724
48,RealityCheckBot,Занято,"Скептицизм, абсурд",что за бред?,gemini-flash-1.5,2025-02-15 12:25:03.666
49,Existential_Quest,Свободно,"Философия, религия",is there god?,gemini-flash-1.5,2025-02-15 12:38:49.059
50,God_or_Not,Свободно,"Философия, религия",is there god?,gemini-flash-1.5,2025-02-15 12:38:57.836
51,The_Ultimate_Question,Свободно,"Философия, религия",is there god?,gemini-flash-1.5,2025-02-15 12:38:59.343
52,WhySoSlow_bot,Свободно,Ошибка_и_медлительность,why so slow&&!,gemini-flash-1.5,2025-02-15 12:46:05.130
53,Slowpoke_bot,Занято,Ошибка_и_медлительность,why so slow&&!,gemini-flash-1.5,2025-02-15 12:46:06.752
54,LaggingLlama,Свободно,Ошибка_и_медлительность,why so slow&&!,gemini-flash-1.5,2025-02-15 12:46:15.399
55,SnailPace_bot,Свободно,Ошибка_и_медлительность,why so slow&&!,gemini-flash-1.5,2025-02-15 12:46:16.898
56,JustDoubleCheck,Свободно,Проверка данных,justdoublechecl,gemini-flash-1.5,2025-02-15 12:46:50.634
57,DoubleCheckBot,Занято,Проверка данных,justdoublechecl,gemini-flash-1.5,2025-02-15 12:46:56.089
58,Verify_Data,Свободно,Проверка данных,justdoublechecl,gemini-flash-1.5,2025-02-15 12:47:01.791
59,DataValidator,Свободно,Проверка данных,justdoublechecl,gemini-flash-1.5,2025-02-15 12:47:03.976
730,Hello_World_Bot,Занято,Приветствие,привет,gemini-flash-1.5,2025-02-16 12:00:28.782
60,TimeGenChecker,Свободно,Проверка времени генерации,проверка времени генерации,gemini-flash-1.5,2025-02-15 12:54:34.671
61,GenerationTimeBot,Свободно,Проверка времени генерации,проверка времени генерации,gemini-flash-1.5,2025-02-15 12:54:36.280
62,TimestampVerifier,Свободно,Проверка времени генерации,проверка времени генерации,gemini-flash-1.5,2025-02-15 12:54:41.972
64,GenTimeValidator,Свободно,Проверка времени генерации,проверка времени генерации,gemini-flash-1.5,2025-02-15 12:59:31.944
65,CreationTimestampBot,Свободно,Проверка времени генерации,проверка времени генерации,gemini-flash-1.5,2025-02-15 12:59:39.143
66,TariffTimeChecker,Свободно,Время генерации тарифов,проверка времени генерации тариф стандарт,gemini-flash-1.5,2025-02-15 13:01:17.324
67,TimeTariffGenerator,Свободно,Время генерации тарифов,проверка времени генерации тариф стандарт,gemini-flash-1.5,2025-02-15 13:01:17.944
68,StandardRateTimer,Свободно,Время генерации тарифов,проверка времени генерации тариф стандарт,gemini-flash-1.5,2025-02-15 13:01:18.663
69,TariffCheck_bot,Свободно,"Время генерации тарифов, проверка",Проверка времени генерации тариф начальный. polling,gemini-flash-1.5,2025-02-15 13:07:05.152
70,InitialRatePoller,Свободно,"Время генерации тарифов, проверка",Проверка времени генерации тариф начальный. polling,gemini-flash-1.5,2025-02-15 13:07:11.447
71,TimeRateCheckerBot,Свободно,"Время генерации тарифов, проверка",Проверка времени генерации тариф начальный. polling,gemini-flash-1.5,2025-02-15 13:07:13.589
73,InitialPlusTimer,Свободно,Автоматизация тарификации,Проверка времени генерации тариф начальный плюс. polling —,gemini-flash-1.5,2025-02-15 13:10:02.797
74,RateGenPoller,Свободно,Автоматизация тарификации,Проверка времени генерации тариф начальный плюс. polling —,gemini-flash-1.5,2025-02-15 13:10:12.233
75,InitialPlusTimeChecker,Свободно,Telegram бот для проверки времени генерации тарифа,Проверка времени генерации тариф начальный плюс. polling —,gemini-flash-1.5,2025-02-15 13:12:03.490
76,TariffGenTime_bot,Свободно,Telegram бот для проверки времени генерации тарифа,Проверка времени генерации тариф начальный плюс. polling —,gemini-flash-1.5,2025-02-15 13:12:12.198
77,PlusRateTimer,Свободно,Telegram бот для проверки времени генерации тарифа,Проверка времени генерации тариф начальный плюс. polling —,gemini-flash-1.5,2025-02-15 13:12:17.493
78,TariffCheck_Plus,Свободно,Время генерации тарифов,Проверка времени генерации тариф начальный плюс. polling —,gemini-flash-1.5,2025-02-15 13:13:13.539
79,TimeCheckPlusBot,Свободно,Время генерации тарифов,Проверка времени генерации тариф начальный плюс. polling —,gemini-flash-1.5,2025-02-15 13:13:14.971
80,InitialPlusRateBot,Свободно,Время генерации тарифов,Проверка времени генерации тариф начальный плюс. polling —,gemini-flash-1.5,2025-02-15 13:13:24.104
81,StartPlusTimeChecker,Свободно,Telegram-бот для проверки времени генерации тарифа,Проверка времени генерации тариф начальный плюс. polling —,gemini-flash-1.5,2025-02-15 13:14:25.815
82,TariffGenTimeBot,Свободно,Telegram-бот для проверки времени генерации тарифа,Проверка времени генерации тариф начальный плюс. polling —,gemini-flash-1.5,2025-02-15 13:14:34.440
83,InitialPlusPollBot,Свободно,Telegram-бот для проверки времени генерации тарифа,Проверка времени генерации тариф начальный плюс. polling —,gemini-flash-1.5,2025-02-15 13:14:34.978
84,TariffCheckBot,Свободно,Проверка времени генерации тарифов,Проверка времени генерации тариф начальный плюс. polling —,gemini-flash-1.5,2025-02-15 13:15:11.366
85,InitialPlus_Timer,Свободно,Проверка времени генерации тарифов,Проверка времени генерации тариф начальный плюс. polling —,gemini-flash-1.5,2025-02-15 13:15:16.868
86,RateGenChecker,Свободно,Проверка времени генерации тарифов,Проверка времени генерации тариф начальный плюс. polling —,gemini-flash-1.5,2025-02-15 13:15:18.825
87,TariffGenChecker,Свободно,Время генерации тарифов,Проверка времени генерации тариф начальный плюс. polling,gemini-flash-1.5,2025-02-15 13:15:48.452
89,TimeCheck_Plus,Свободно,Время генерации тарифов,Проверка времени генерации тариф начальный плюс. polling,gemini-flash-1.5,2025-02-15 13:15:59.330
90,TariffCheckPlus_bot,Свободно,Проверка времени генерации тарифов,Проверка времени генерации тариф начальный плюс. polling — 20967,gemini-flash-1.5,2025-02-15 13:16:28.579
91,InitialRateCheck,Свободно,Проверка времени генерации тарифов,Проверка времени генерации тариф начальный плюс. polling — 20967,gemini-flash-1.5,2025-02-15 13:16:30.038
92,Time2Tariff_20967,Свободно,Проверка времени генерации тарифов,Проверка времени генерации тариф начальный плюс. polling — 20967,gemini-flash-1.5,2025-02-15 13:16:30.701
94,InitialPlanTimer,Свободно,Время генерации тарифов,Проверка времени генерации тариф начальный плюс. polling —,gemini-flash-1.5,2025-02-15 13:18:36.277
95,RateGenPlus_Bot,Свободно,Время генерации тарифов,Проверка времени генерации тариф начальный плюс. polling —,gemini-flash-1.5,2025-02-15 13:18:36.696
96,TariffChecker,Свободно,Время генерации тарифов,Проверка времени генерации тариф начальный плюс. polling —,gemini-flash-1.5,2025-02-15 13:19:12.581
97,InitialPlus_bot,Свободно,Время генерации тарифов,Проверка времени генерации тариф начальный плюс. polling —,gemini-flash-1.5,2025-02-15 13:19:18.418
98,TimeCheckPlus,Свободно,Время генерации тарифов,Проверка времени генерации тариф начальный плюс. polling —,gemini-flash-1.5,2025-02-15 13:19:23.638
101,GenTimeCheckerBot,Свободно,Telegram бот для проверки времени генерации тарифа,Проверка времени генерации тариф начальный плюс. polling —,gemini-flash-1.5,2025-02-15 13:20:04.570
104,RateGenCheckerBot,Свободно,Время генерации тарифов,Проверка времени генерации тариф начальный плюс. polling —,gemini-flash-1.5,2025-02-15 13:20:31.399
106,TimeGenValidator_bot,Свободно,Telegram бот для проверки времени генерации тарифа,Проверка времени генерации тариф стандарт. polling —,gemini-flash-1.5,2025-02-15 13:22:32.121
109,TimeGenBot,Доступно для покупки,Время генерации тарифов,Проверка времени генерации тариф стандарт. polling —,gemini-flash-1.5,2025-02-15 13:23:22.850
110,Rate_Polling_bot,Свободно,Время генерации тарифов,Проверка времени генерации тариф стандарт. polling —,gemini-flash-1.5,2025-02-15 13:23:28.387
111,StandardTariffTimer,Свободно,Время генерации тарифов,Проверка времени генерации тариф стандарт. polling —,gemini-flash-1.5,2025-02-15 13:23:37.038
113,TimeCheckerBot,Занято,Telegram bot for checking tariff generation time,Проверка времени генерации тариф стандарт. polling —,gemini-flash-1.5,2025-02-15 13:24:06.602
114,GenTimeVerifier,Свободно,Telegram bot for checking tariff generation time,Проверка времени генерации тариф стандарт. polling —,gemini-flash-1.5,2025-02-15 13:24:12.102
117,Time_Stamp_Validator,Свободно,Проверка времени генерации,проверка времени генерации,gemini-flash-1.5,2025-02-15 13:37:46.831
118,TimeCheck_Webhook_Starter,Свободно,Время генерации webhook,проверка времени генерации - webhook тариф начальный —,gemini-flash-1.5,2025-02-15 13:41:16.364
119,WebhookTimeBot,Свободно,Время генерации webhook,проверка времени генерации - webhook тариф начальный —,gemini-flash-1.5,2025-02-15 13:41:17.068
120,InitialWebhookTimer,Свободно,Время генерации webhook,проверка времени генерации - webhook тариф начальный —,gemini-flash-1.5,2025-02-15 13:41:17.590
121,TimeCheckWebhook,Свободно,Проверка времени и webhook,проверка времени генерации - webhook тариф начальный —,gemini-flash-1.5,2025-02-15 13:41:35.590
122,WebhookTimer_bot,Свободно,Проверка времени и webhook,проверка времени генерации - webhook тариф начальный —,gemini-flash-1.5,2025-02-15 13:41:36.181
123,InitialWebhookBot,Свободно,Проверка времени и webhook,проверка времени генерации - webhook тариф начальный —,gemini-flash-1.5,2025-02-15 13:41:41.626
124,TimeCheckInit_bot,Свободно,Время генерации webhook,проверка времени генерации - webhook тариф начальный —,gemini-flash-1.5,2025-02-15 13:42:03.127
125,WebhookTimerStarter,Свободно,Время генерации webhook,проверка времени генерации - webhook тариф начальный —,gemini-flash-1.5,2025-02-15 13:42:03.625
126,GenTimeBasicBot,Свободно,Время генерации webhook,проверка времени генерации - webhook тариф начальный —,gemini-flash-1.5,2025-02-15 13:42:04.135
127,speed_check_bot,Занято,Время_отклика,проверка времени генерации - webhook тариф начальный —  11.4815 ms,gemini-flash-1.5,2025-02-15 13:42:33.144
128,webhook_timer,Свободно,Время_отклика,проверка времени генерации - webhook тариф начальный —  11.4815 ms,gemini-flash-1.5,2025-02-15 13:42:33.841
129,latency_11ms,Свободно,Время_отклика,проверка времени генерации - webhook тариф начальный —  11.4815 ms,gemini-flash-1.5,2025-02-15 13:42:34.536
130,initial_webhook_bot,Свободно,Время_отклика,проверка времени генерации - webhook тариф начальный —  11.4815 ms,gemini-flash-1.5,2025-02-15 13:42:35.122
131,WebhookTimeChecker,Свободно,Время генерации webhook,Проверка времени генерации - webhook тариф стандарт — ms,gemini-flash-1.5,2025-02-15 13:43:54.242
132,Webhook_ms_Standard,Свободно,Время генерации webhook,Проверка времени генерации - webhook тариф стандарт — ms,gemini-flash-1.5,2025-02-15 13:43:59.422
133,TimeGen_Standard_Bot,Свободно,Время генерации webhook,Проверка времени генерации - webhook тариф стандарт — ms,gemini-flash-1.5,2025-02-15 13:44:04.745
135,Webhook_ms_Timer,Свободно,Webhook_Time_Checker,Проверка времени генерации - webhook тариф стандарт — ms,gemini-flash-1.5,2025-02-15 13:44:22.382
136,StandardWebhookBot,Свободно,Webhook_Time_Checker,Проверка времени генерации - webhook тариф стандарт — ms,gemini-flash-1.5,2025-02-15 13:44:22.961
137,TimeCheckBot,Занято,Время_отклика,Проверка времени генерации - webhook тариф стандарт —  12.2613 ms,gemini-flash-1.5,2025-02-15 13:44:46.149
138,SpeedTest_bot,Занято,Время_отклика,Проверка времени генерации - webhook тариф стандарт —  12.2613 ms,gemini-flash-1.5,2025-02-15 13:44:46.803
139,Webhook12ms,Свободно,Время_отклика,Проверка времени генерации - webhook тариф стандарт —  12.2613 ms,gemini-flash-1.5,2025-02-15 13:44:47.412
140,ResponseTimeBot,Занято,Время_отклика,Проверка времени генерации - webhook тариф стандарт —  12.2613 ms,gemini-flash-1.5,2025-02-15 13:44:48.130
141,Latency_Checker,Свободно,Время_отклика,Проверка времени генерации - webhook тариф стандарт —  12.2613 ms,gemini-flash-1.5,2025-02-15 13:44:48.792
142,FastWebhookBot,Занято,Время_отклика,Проверка времени генерации - webhook тариф стандарт —  12.2613 ms,gemini-flash-1.5,2025-02-15 13:44:54.330
143,SpeedCheck_bot,Занято,Время_отклика,Проверка времени генерации - webhook тариф стандарт —  12.2613 ms,gemini-flash-1.5,2025-02-15 13:44:56.218
144,TimeVerifyBot,Свободно,Время_отклика,Проверка времени генерации - webhook тариф стандарт —  12.2613 ms,gemini-flash-1.5,2025-02-15 13:44:56.961
151,TimeCheck_ms,Свободно,WebhookTimeCheck,Проверка времени генерации - webhook тариф начальный  —  ms,gemini-flash-1.5,2025-02-15 13:48:24.657
152,WebhookStarter_bot,Свободно,WebhookTimeCheck,Проверка времени генерации - webhook тариф начальный  —  ms,gemini-flash-1.5,2025-02-15 13:48:34.048
154,Amver_is_great,Свободно,Положительные отзывы о Амвере,Амвера молодец,gemini-flash-1.5,2025-02-15 18:40:17.903
155,Amver_the_best,Свободно,Положительные отзывы о Амвере,Амвера молодец,gemini-flash-1.5,2025-02-15 18:40:19.317
156,SuperAmver,Свободно,Положительные отзывы о Амвере,Амвера молодец,gemini-flash-1.5,2025-02-15 18:40:24.419
157,Amvera_Is_Great,Свободно,Позитивный юмор,Амвера снова молодец,gemini-flash-1.5,2025-02-15 18:40:51.491
158,Amvera_Again_Wins,Свободно,Позитивный юмор,Амвера снова молодец,gemini-flash-1.5,2025-02-15 18:40:56.753
159,SuperAmveraBot,Свободно,Позитивный юмор,Амвера снова молодец,gemini-flash-1.5,2025-02-15 18:41:01.980
160,HurryUp_bot,Занято,"Срочность, ускорение","Молодой человек, а нельзя ли побыстрее?",gemini-flash-1.5,2025-02-15 18:41:22.668
161,SpeedDemonBot,Доступно для покупки,"Срочность, ускорение","Молодой человек, а нельзя ли побыстрее?",gemini-flash-1.5,2025-02-15 18:41:24.247
162,QuickSilverBot,Занято,"Срочность, ускорение","Молодой человек, а нельзя ли побыстрее?",gemini-flash-1.5,2025-02-15 18:41:29.574
163,OverLimitAchiever,Свободно,"Превышение лимитов, достижение целей",Превышаем?!,gemini-flash-1.5,2025-02-15 18:43:21.872
164,BeyondTheMark_bot,Свободно,"Превышение лимитов, достижение целей",Превышаем?!,gemini-flash-1.5,2025-02-15 18:43:27.066
165,ExceedExpectationsBot,Свободно,"Превышение лимитов, достижение целей",Превышаем?!,gemini-flash-1.5,2025-02-15 18:43:28.472
166,Sluggish_Carp,Свободно,SlowFishBot,очень медленная рыба,gemini-flash-1.5,2025-02-15 18:44:00.976
167,SnailPace_Fish,Свободно,SlowFishBot,очень медленная рыба,gemini-flash-1.5,2025-02-15 18:44:09.592
168,CelestialMuse,Занято,Магия и креативность,Немного магии и щепотку божественной креативности,gemini-flash-1.5,2025-02-15 21:36:28.199
169,DivineSpark_bot,Свободно,Магия и креативность,Немного магии и щепотку божественной креативности,gemini-flash-1.5,2025-02-15 21:36:28.683
175,checkuresname,Свободно,Пользовательская проверка,Ручная проверка,none,2025-02-15 23:08:15.575
177,ichbin,Занято,Пользовательская проверка,Ручная проверка,none,2025-02-15 23:08:33.489
178,azyesm,Занято,Пользовательская проверка,Ручная проверка,none,2025-02-15 23:08:46.576
179,yehowa,Занято,Пользовательская проверка,Ручная проверка,none,2025-02-15 23:09:05.309
180,Tetragrammaton_Secret,Свободно,Тайное имя Бога из Библии,тайное имя Бога из Библии,gemini-flash-1.5,2025-02-15 23:10:24.338
181,YHWH_Unveiled,Свободно,Тайное имя Бога из Библии,тайное имя Бога из Библии,gemini-flash-1.5,2025-02-15 23:10:29.933
182,Elohim_Whispers,Свободно,Тайное имя Бога из Библии,тайное имя Бога из Библии,gemini-flash-1.5,2025-02-15 23:10:30.366
186,Tetragrammaton_Whisper,Свободно,"Мистицизм, религия",Tetragrammaton,gemini-flash-1.5,2025-02-15 23:26:30.869
187,SacredName_4,Свободно,"Мистицизм, религия",Tetragrammaton,gemini-flash-1.5,2025-02-15 23:26:32.297
188,Tetra_Codex,Свободно,"Мистицизм, религия",Tetragrammaton,gemini-flash-1.5,2025-02-15 23:26:33.645
170,VintageMotors_Garage,Свободно,Ретро-автомобили,Клуб  любителей ретро-автомобилей,gemini-flash-1.5,2025-02-15 23:57:46.397
171,ClassicCarsChronicles,Свободно,Ретро-автомобили,Клуб  любителей ретро-автомобилей,gemini-flash-1.5,2025-02-15 23:57:46.397
174,SecretBliss_Store,Свободно,Товары для взрослых,магазин фаллоимитаторов,gemini-flash-1.5,2025-02-15 23:57:46.397
176,A5tR0,Занято,Разное,"на любую тему, но строго 5 символов",gemini-flash-1.5,2025-02-15 23:57:46.397
184,Aether,Занято,Разное,"на любую тему, но строго 5 символов. Username должен быть осмысленным",gemini-flash-1.5,2025-02-15 23:57:46.397
185,Nexus,Занято,Разное,"на любую тему, но строго 5 символов. Username должен быть осмысленным",gemini-flash-1.5,2025-02-15 23:57:46.397
189,Starry,Занято,Разное,"на любую тему, но строго 5 символов. Username должен быть осмысленным",gemini-flash-1.5,2025-02-15 23:57:46.397
190,BookWorm,Занято,Разное,"на любую тему, но строго 5 символов. Username должен быть осмысленным",gemini-flash-1.5,2025-02-15 23:57:46.397
191,CozyCat,Занято,Разное,"на любую тему, но строго 5 символов. Username должен быть осмысленным",gemini-flash-1.5,2025-02-15 23:57:46.397
192,SunRay,Доступно для покупки,Разное,"на любую тему, но строго 5 символов. Username должен быть осмысленным",gemini-flash-1.5,2025-02-15 23:57:46.397
193,NightOwl,Продано,Разное,"на любую тему, но строго 5 символов. Username должен быть осмысленным",gemini-flash-1.5,2025-02-15 23:57:46.397
194,SunRise,Занято,Разное,"на любую тему, но строго 5 символов. Username должен быть осмысленным",gemini-flash-1.5,2025-02-15 23:57:46.397
731,GreetingBot5,Свободно,Приветствие,привет,gemini-flash-1.5,2025-02-16 12:00:29.471
733,SayHiToMe,Занято,Приветствие,привет,gemini-flash-1.5,2025-02-16 12:00:30.809
195,ArtLife,Доступно для покупки,Разное,"на любую тему, но строго 5 символов. Username должен быть осмысленным",gemini-flash-1.5,2025-02-15 23:57:46.397
196,SunSet,Занято,Разное,"на любую тему, но строго 5 символов. Username должен быть осмысленным",gemini-flash-1.5,2025-02-15 23:57:46.397
197,Booky,Занято,Разное,"на любую тему, но строго 5 символов. Username должен быть осмысленным",gemini-flash-1.5,2025-02-15 23:57:46.397
198,Alpha,Занято,Разное,"на любую тему, но строго 5 символов. Username должен быть осмысленным",gemini-flash-1.5,2025-02-15 23:57:46.397
199,Pixel,Занято,Разное,"на любую тему, но строго 5 символов. Username должен быть осмысленным",gemini-flash-1.5,2025-02-15 23:57:46.397
200,Cool_Cat,Занято,Разное,"на любую тему, но строго 5 символов. Username должен быть осмысленным",gemini-flash-1.5,2025-02-15 23:57:46.397
201,StarDust,Доступно для покупки,Разное,"на любую тему, но строго 5 символов. Username должен быть осмысленным",gemini-flash-1.5,2025-02-15 23:57:46.397
202,Myria,Доступно для покупки,Разное,"на любую тему, но строго 5 символов. Username должен быть осмысленным",gemini-flash-1.5,2025-02-15 23:57:46.397
203,Chronos,Продано,Разное,"на любую тему, но строго 5 символов. Username должен быть осмысленным",gemini-flash-1.5,2025-02-15 23:57:46.397
204,Aura_,Свободно,Разное,"на любую тему, но строго 5 символов. Username должен быть осмысленным",gemini-flash-1.5,2025-02-15 23:57:46.397
205,Mentis,Занято,Разное,"на любую тему, но строго 5 символов. Username должен быть осмысленным",gemini-flash-1.5,2025-02-15 23:57:46.397
206,Solus,Доступно для покупки,Разное,"на любую тему, но строго 5 символов. Username должен быть осмысленным",gemini-flash-1.5,2025-02-15 23:57:46.397
207,Verba,Занято,Разное,"на любую тему, но строго 5 символов. Username должен быть осмысленным",gemini-flash-1.5,2025-02-15 23:57:46.397
208,Starry_,Свободно,Разное,"на любую тему, но строго 5 символов. Username должен быть осмысленным",gemini-flash-1.5,2025-02-15 23:57:46.397
209,Lumen_,Свободно,Разное,"на любую тему, но строго 5 символов. Username должен быть осмысленным",gemini-flash-1.5,2025-02-15 23:57:46.397
210,Chrono5,Занято,Разное,"на любую тему, но строго 5 символов. Username должен быть осмысленным",gemini-flash-1.5,2025-02-15 23:57:46.397
211,Solara,Продано,Разное,"на любую тему, но строго 5 символов. Username должен быть осмысленным",gemini-flash-1.5,2025-02-15 23:57:46.397
212,Aether_,Свободно,Разное,"на любую тему, но строго 5 символов. Username должен быть осмысленным",gemini-flash-1.5,2025-02-15 23:57:46.397
213,Pixel8,Занято,Разное,"на любую тему, но строго 5 символов. Username должен быть осмысленным",gemini-flash-1.5,2025-02-15 23:57:46.397
216,Mnema,Занято,Разное,"на любую тему, но строго 5 символов. Username должен быть осмысленным",gemini-flash-1.5,2025-02-15 23:57:46.397
218,Silas,Продано,Разное,"на любую тему, но строго 5 символов. Username должен быть осмысленным",gemini-flash-1.5,2025-02-15 23:57:46.397
220,Solaris,Занято,Разное,"на любую тему, но строго 5 символов. Username должен быть осмысленным",gemini-flash-1.5,2025-02-15 23:57:46.397
231,DigiArt,Доступно для покупки,Разное,"на любую тему, но строго 5 символов. Username должен быть осмысленным",gemini-flash-1.5,2025-02-15 23:57:46.397
233,Cool5,Доступно для покупки,Разное,"на любую тему, но строго 5 символов. Username должен быть осмысленным",gemini-flash-1.5,2025-02-15 23:57:46.397
234,MegaX,Продано,Разное,"на любую тему, но строго 5 символов. Username должен быть осмысленным",gemini-flash-1.5,2025-02-15 23:57:46.397
235,Info_,Свободно,Разное,"на любую тему, но строго 5 символов. Username должен быть осмысленным",gemini-flash-1.5,2025-02-15 23:57:46.397
236,GeoMap,Невозможно определить,Разнообразная тематика,"на любую тему, но строго 5 символов. Username должен быть осмысленным. Не может заканчиваться на нижнее подчеркивание и начинаться с него",gemini-flash-1.5,2025-02-15 23:57:46.397
237,Codex_,Свободно,Разнообразная тематика,"на любую тему, но строго 5 символов. Username должен быть осмысленным. Не может заканчиваться на нижнее подчеркивание и начинаться с него",gemini-flash-1.5,2025-02-15 23:57:46.397
239,BookWyrm,Занято,Разнообразная тематика,"на любую тему, но строго 5 символов. Username должен быть осмысленным. Не может заканчиваться на нижнее подчеркивание и начинаться с него",gemini-flash-1.5,2025-02-15 23:57:46.397
243,Virgo_,Свободно,Разные тематики,"на любую тему, но строго 5 символов. Username должен быть осмысленным. Не может заканчиваться на нижнее подчеркивание и начинаться с него",gemini-flash-1.5,2025-02-15 23:57:46.397
244,Pixel_,Свободно,Разные тематики,"на любую тему, но строго 5 символов. Username должен быть осмысленным. Не может заканчиваться на нижнее подчеркивание и начинаться с него",gemini-flash-1.5,2025-02-15 23:57:46.397
246,ChronoX,Занято,Разное,"на любую тему, но строго 5 символов. Username должен быть осмысленным. СТРОГО НЕ ДОЛЖЕН заканчиваться на нижнее подчеркивание и начинаться с него",gemini-flash-1.5,2025-02-15 23:57:46.397
576,LocalTimePolling,Свободно,Локальная проверка времени,Проверка времени генерации - polling локально,gemini-flash-1.5,2025-02-15 23:57:46.397
247,Codex5,Занято,Разное,"на любую тему, но строго 5 символов. Username должен быть осмысленным. СТРОГО НЕ ДОЛЖЕН заканчиваться на нижнее подчеркивание и начинаться с него",gemini-flash-1.5,2025-02-15 23:57:46.397
257,Myriad,Продано,Разное,"на любую тему, но строго 5 символов. Username должен быть осмысленным. СТРОГО НЕ ДОЛЖЕН заканчиваться на нижнее подчеркивание и начинаться с него",gemini-flash-1.5,2025-02-15 23:57:46.397
258,Quicky,Занято,Разное,"на любую тему, но строго 5 символов. Username должен быть осмысленным. СТРОГО НЕ ДОЛЖЕН заканчиваться на нижнее подчеркивание и начинаться с него",gemini-flash-1.5,2025-02-15 23:57:46.397
259,Bright,Продано,Разное,"на любую тему, но строго 5 символов. Username должен быть осмысленным. СТРОГО НЕ ДОЛЖЕН заканчиваться на нижнее подчеркивание и начинаться с него",gemini-flash-1.5,2025-02-15 23:57:46.397
260,Mellow,Занято,Разное,"на любую тему, но строго 5 символов. Username должен быть осмысленным. СТРОГО НЕ ДОЛЖЕН заканчиваться на нижнее подчеркивание и начинаться с него",gemini-flash-1.5,2025-02-15 23:57:46.397
261,Zenith,Занято,Разное,"на любую тему, но строго 5 символов. Username должен быть осмысленным. СТРОГО НЕ ДОЛЖЕН заканчиваться на нижнее подчеркивание и начинаться с него",gemini-flash-1.5,2025-02-15 23:57:46.397
262,Aegis_,Свободно,Разное,"на любую тему, но строго 5 символов. Username должен быть осмысленным. СТРОГО НЕ ДОЛЖЕН заканчиваться на нижнее подчеркивание и начинаться с него",gemini-flash-1.5,2025-02-15 23:57:46.397
264,Verity,Доступно для покупки,Разное,"на любую тему, но строго 5 символов. Username должен быть осмысленным. СТРОГО НЕ ДОЛЖЕН заканчиваться на нижнее подчеркивание и начинаться с него",gemini-flash-1.5,2025-02-15 23:57:46.397
265,Nexus_,Свободно,Разное,"на любую тему, но строго 5 символов. Username должен быть осмысленным. СТРОГО НЕ ДОЛЖЕН заканчиваться на нижнее подчеркивание и начинаться с него",gemini-flash-1.5,2025-02-15 23:57:46.397
273,Nexus5,Занято,Разное,"на любую тему, но строго 5 символов. Username должен быть осмысленным.  Без нижнего подчеркивания",gemini-flash-1.5,2025-02-15 23:57:46.397
274,Valkyr,Занято,Разное,"на любую тему, но строго 5 символов. Username должен быть осмысленным.  Без нижнего подчеркивания",gemini-flash-1.5,2025-02-15 23:57:46.397
278,Solar,Занято,Разное,"на любую тему, но строго 5 символов. Username должен быть осмысленным.  Без нижнего подчеркивания",gemini-flash-1.5,2025-02-15 23:57:46.397
279,Virgo,Занято,Разное,"на любую тему, но строго 5 символов. Username должен быть осмысленным.  Без нижнего подчеркивания",gemini-flash-1.5,2025-02-15 23:57:46.397
284,Quasar,Занято,Разное,"на любую тему, но строго 5 символов. Username должен быть осмысленным.  Без нижнего подчеркивания",gemini-flash-1.5,2025-02-15 23:57:46.397
285,Nexus7,Свободно,Разное,"на любую тему, но строго 5 символов. Username должен быть осмысленным.  Без нижнего подчеркивания",gemini-flash-1.5,2025-02-15 23:57:46.397
286,Glacier,Продано,Разное,"на любую тему, но строго 5 символов. Username должен быть осмысленным.  Без нижнего подчеркивания",gemini-flash-1.5,2025-02-15 23:57:46.397
287,Embera,Занято,Разное,"на любую тему, но строго 5 символов. Username должен быть осмысленным.  Без нижнего подчеркивания",gemini-flash-1.5,2025-02-15 23:57:46.397
290,Quantum,Продано,Разное,"на любую тему, но строго 5 символов. Username должен быть осмысленным.  Без нижнего подчеркивания",gemini-flash-1.5,2025-02-15 23:57:46.397
292,Ember,Продано,Разное,"на любую тему, но строго 5 символов. Username должен быть осмысленным.  Без нижнего подчеркивания",gemini-flash-1.5,2025-02-15 23:57:46.397
293,Cosmos,Продано,Разное,"на любую тему, но строго 5 символов. Username должен быть осмысленным.  Без нижнего подчеркивания",gemini-flash-1.5,2025-02-15 23:57:46.397
294,Legend,Продано,Разное,"на любую тему, но строго 5 символов. Username должен быть осмысленным.  Без нижнего подчеркивания",gemini-flash-1.5,2025-02-15 23:57:46.397
296,Echos,Занято,Разнообразная тематика,"на любую тему, но строго 5 символов. Username должен быть осмысленным.  Без нижнего подчеркивания",gemini-flash-1.5,2025-02-15 23:57:46.397
298,Comet,Продано,Разное,"на любую тему, но строго 5 символов. Username должен быть осмысленным.  Без нижнего подчеркивания",gemini-flash-1.5,2025-02-15 23:57:46.397
299,Eidos_,Свободно,Разное,"на любую тему, но строго 5 символов. Username должен быть осмысленным.  Без нижнего подчеркивания",gemini-flash-1.5,2025-02-15 23:57:46.397
300,Omega,Занято,Разное,"на любую тему, но строго 5 символов. Username должен быть осмысленным.  Без нижнего подчеркивания",gemini-flash-1.5,2025-02-15 23:57:46.397
301,Orbit,Занято,Разное,"на любую тему, но строго 5 символов. Username должен быть осмысленным.  Без нижнего подчеркивания",gemini-flash-1.5,2025-02-15 23:57:46.397
302,Glaive,Занято,Разное,"на любую тему, но строго 5 символов. Username должен быть осмысленным.  Без нижнего подчеркивания",gemini-flash-1.5,2025-02-15 23:57:46.397
303,Jester,Продано,Разное,"на любую тему, но строго 5 символов. Username должен быть осмысленным.  Без нижнего подчеркивания",gemini-flash-1.5,2025-02-15 23:57:46.397
304,Cipher,Занято,Разное,"на любую тему, но строго 5 символов. Username должен быть осмысленным.  Без нижнего подчеркивания",gemini-flash-1.5,2025-02-15 23:57:46.397
305,Silver,Занято,Разнообразная тематика,"на любую тему, но строго 5 символов. Username должен быть осмысленным.  Без нижнего подчеркивания",gemini-flash-1.5,2025-02-15 23:57:46.397
306,Orbit7,Занято,Разнообразная тематика,"на любую тему, но строго 5 символов. Username должен быть осмысленным.  Без нижнего подчеркивания",gemini-flash-1.5,2025-02-15 23:57:46.397
313,Kraken,Свободно,Разнообразная тематика,"на любую тему, но строго 5 символов. Username должен быть осмысленным.  Без нижнего подчеркивания",gemini-flash-1.5,2025-02-15 23:57:46.397
314,NetLife,Доступно для покупки,Социальные сети,строго 5-6 символов. Тема - социальные сети,gemini-flash-1.5,2025-02-15 23:57:46.397
315,SocialM,Доступно для покупки,Социальные сети,строго 5-6 символов. Тема - социальные сети,gemini-flash-1.5,2025-02-15 23:57:46.397
316,PostHub,Доступно для покупки,Социальные сети,строго 5-6 символов. Тема - социальные сети,gemini-flash-1.5,2025-02-15 23:57:46.397
317,LinkUp,Доступно для покупки,Социальные сети,строго 5-6 символов. Тема - социальные сети,gemini-flash-1.5,2025-02-15 23:57:46.397
318,SociAll,Доступно для покупки,Социальные сети,строго 5-6 символов. Тема - социальные сети,gemini-flash-1.5,2025-02-15 23:57:46.397
319,PostNow,Доступно для покупки,Социальные сети,строго 5-6 символов. Тема - социальные сети,gemini-flash-1.5,2025-02-15 23:57:46.397
320,InstaPro,Доступно для покупки,Социальные сети,строго 5-6 символов. Тема - социальные сети,gemini-flash-1.5,2025-02-15 23:57:46.397
321,MediaUp,Доступно для покупки,Социальные сети,строго 5-6 символов. Тема - социальные сети,gemini-flash-1.5,2025-02-15 23:57:46.397
322,LinkPro,Доступно для покупки,Социальные сети,строго 5-6 символов. Тема - социальные сети,gemini-flash-1.5,2025-02-15 23:57:46.397
323,Sociall,Доступно для покупки,Социальные сети,строго 5-6 символов. Тема - социальные сети,gemini-flash-1.5,2025-02-15 23:57:46.397
324,FeedMe,Доступно для покупки,Социальные сети,строго 5-6 символов. Тема - социальные сети,gemini-flash-1.5,2025-02-15 23:57:46.397
325,MediaNow,Доступно для покупки,Социальные сети,строго 5-6 символов. Тема - социальные сети,gemini-flash-1.5,2025-02-15 23:57:46.397
326,ShareIt_,Свободно,Социальные сети,строго 5-6 символов. Тема - социальные сети,gemini-flash-1.5,2025-02-15 23:57:46.397
327,LinkUp_,Свободно,Социальные сети,строго 5-6 символов. Тема - социальные сети,gemini-flash-1.5,2025-02-15 23:57:46.397
328,ShareNow,Доступно для покупки,Социальные сети,строго 5-6 символов. Тема - социальные сети,gemini-flash-1.5,2025-02-15 23:57:46.397
329,InstaFeed,Доступно для покупки,Социальные сети,строго 5-6 символов. Тема - социальные сети,gemini-flash-1.5,2025-02-15 23:57:46.397
331,MegaFun,Доступно для покупки,Разнообразные темы,строго 5-6 символов.  Любая тема. Не может заканчиваться на _,gemini-flash-1.5,2025-02-15 23:57:46.397
332,TechPro,Доступно для покупки,Разнообразные темы,строго 5-6 символов.  Любая тема. Не может заканчиваться на _,gemini-flash-1.5,2025-02-15 23:57:46.397
334,DataFun,Доступно для покупки,Разное,строго 5-6 символов.  Любая тема. Не может заканчиваться на _,gemini-flash-1.5,2025-02-15 23:57:46.397
335,ArtFlow,Доступно для покупки,Разное,строго 5-6 символов.  Любая тема. Не может заканчиваться на _,gemini-flash-1.5,2025-02-15 23:57:46.397
337,SmartUp,Доступно для покупки,Разное,строго 5-6 символов.  Любая тема. Не может заканчиваться на _,gemini-flash-1.5,2025-02-15 23:57:46.397
338,DataFlow,Доступно для покупки,Разное,строго 5-6 символов.  Любая тема. Не может заканчиваться на _,gemini-flash-1.5,2025-02-15 23:57:46.397
339,DigiFun,Доступно для покупки,Разное,строго 5-6 символов.  Любая тема. Не может заканчиваться на _,gemini-flash-1.5,2025-02-15 23:57:46.397
340,Starry7,Доступно для покупки,Разное,строго 5-6 символов.  Любая тема. Не может заканчиваться на _,gemini-flash-1.5,2025-02-15 23:57:46.397
341,ProTip,Доступно для покупки,Разные тематики,строго 5-6 символов.  Любая тема. Не может заканчиваться на _,gemini-flash-1.5,2025-02-15 23:57:46.397
342,InfoHub,Доступно для покупки,Разное,строго 5-6 символов.  Любая тема. Не может заканчиваться на _,gemini-flash-1.5,2025-02-15 23:57:46.397
343,CodeX_,Свободно,Разное,строго 5-6 символов.  Любая тема. Не может заканчиваться на _,gemini-flash-1.5,2025-02-15 23:57:46.397
344,MiniMax,Доступно для покупки,Разное,строго 5-6 символов.  Любая тема. Не может заканчиваться на _,gemini-flash-1.5,2025-02-15 23:57:46.397
349,Quick1,Доступно для покупки,Разное,строго 5-6 символов.  Любая тема. Не может заканчиваться на _,gemini-flash-1.5,2025-02-15 23:57:46.397
350,Techy_,Свободно,Разные тематики,строго 5-6 символов.  Любая тема. Не может заканчиваться на _,gemini-flash-1.5,2025-02-15 23:57:46.397
734,Welcome_Aboard,Занято,Приветствие,привет,gemini-flash-1.5,2025-02-16 12:00:31.491
469,Singing_Centurion,Свободно,Древнеримские музыканты,популярные музыканты древнего рима,gemini-flash-1.5,2025-02-15 23:57:46.397
351,Codex22,Свободно,Разнообразная тематика,"6-9 символов. Запрещено заканчиваться на нижнее подчеркивание. Любая темаика",gemini-flash-1.5,2025-02-15 23:57:46.397
352,NightOwl8,Доступно для покупки,Разнообразная тематика,"6-9 символов. Запрещено заканчиваться на нижнее подчеркивание. Любая темаика",gemini-flash-1.5,2025-02-15 23:57:46.397
354,PixelStorm,Доступно для покупки,Разнообразная тематика,"6-9 символов. Запрещено заканчиваться на нижнее подчеркивание. Любая темаика",gemini-flash-1.5,2025-02-15 23:57:46.397
355,CodeNinja_,Свободно,Разнообразная тематика,"6-9 символов. Запрещено заканчиваться на нижнее подчеркивание. Любая темаика",gemini-flash-1.5,2025-02-15 23:57:46.397
356,QuickTrade,Доступно для покупки,Разнообразная тематика,"6-9 символов. Запрещено заканчиваться на нижнее подчеркивание. Любая темаика",gemini-flash-1.5,2025-02-15 23:57:46.397
357,SunShineDay,Доступно для покупки,Разнообразная тематика,"6-9 символов. Запрещено заканчиваться на нижнее подчеркивание. Любая темаика",gemini-flash-1.5,2025-02-15 23:57:46.397
358,DataFlow_,Свободно,Разнообразная тематика,"6-9 символов. Запрещено заканчиваться на нижнее подчеркивание. Любая темаика",gemini-flash-1.5,2025-02-15 23:57:46.397
359,SecretAgent,Доступно для покупки,Разнообразная тематика,"6-9 символов. Запрещено заканчивать на нижнее подчеркивание. Любая темаика",gemini-flash-1.5,2025-02-15 23:57:46.397
360,DataStream_,Свободно,Разнообразная тематика,"6-9 символов. Запрещено заканчивать на нижнее подчеркивание. Любая темаика",gemini-flash-1.5,2025-02-15 23:57:46.397
363,DataStream,Доступно для покупки,Разнообразная тематика,"6-9 символов. Запрещено заканчивать на нижнее подчеркивание. Любая темаика",gemini-flash-1.5,2025-02-15 23:57:46.397
364,CoolBeans,Доступно для покупки,Разнообразная тематика,"6-9 символов. Запрещено заканчивать на нижнее подчеркивание. Любая темаика",gemini-flash-1.5,2025-02-15 23:57:46.397
371,_DataFlow_,Свободно,Разнообразная тематика,"6-9 символов. Любая тематика",gemini-flash-1.5,2025-02-15 23:57:46.397
372,CyberPunk77,Доступно для покупки,Разнообразная тематика,"6-9 символов. Любая тематика",gemini-flash-1.5,2025-02-15 23:57:46.397
373,SunnyDays_,Свободно,Разнообразная тематика,"6-9 символов. Любая тематика",gemini-flash-1.5,2025-02-15 23:57:46.397
374,_SecretCode,Свободно,Разнообразная тематика,"6-9 символов. Любая тематика",gemini-flash-1.5,2025-02-15 23:57:46.397
383,StarrySky,Доступно для покупки,Разнообразная тематика,"6-9 символов. Любая тематика. Нижнее почерккивание ЗАПРЕЩЕНО испольщовать",gemini-flash-1.5,2025-02-15 23:57:46.397
384,CyberPulse,Доступно для покупки,Разнообразная тематика,"6-9 символов. Любая тематика. Нижнее почерккивание ЗАПРЕЩЕНО испольщовать",gemini-flash-1.5,2025-02-15 23:57:46.397
385,SunSeeker,Доступно для покупки,Разнообразная тематика,"6-9 символов. Любая тематика. Нижнее почерккивание ЗАПРЕЩЕНО испольщовать",gemini-flash-1.5,2025-02-15 23:57:46.397
386,TechWave,Доступно для покупки,Разнообразная тематика,"6-9 символов. Любая тематика. Нижнее почерккивание ЗАПРЕЩЕНО испольщовать",gemini-flash-1.5,2025-02-15 23:57:46.397
387,SkillUpAcademy,Доступно для покупки,Онлайн-образование,онлайн-образование,gemini-flash-1.5,2025-02-15 23:57:46.397
388,KnowledgeBoost,Доступно для покупки,Онлайн-образование,онлайн-образование,gemini-flash-1.5,2025-02-15 23:57:46.397
389,KnowledgeQuest,Доступно для покупки,Онлайн-образование,онлайн-образование,gemini-flash-1.5,2025-02-15 23:57:46.397
390,eLearningPath,Доступно для покупки,Онлайн-образование,онлайн-образование,gemini-flash-1.5,2025-02-15 23:57:46.397
391,AcademicAchiever,Свободно,Онлайн-образование,онлайн-образование,gemini-flash-1.5,2025-02-15 23:57:46.397
392,eLearning_Hub,Доступно для покупки,Онлайн-образование,онлайн-образование,gemini-flash-1.5,2025-02-15 23:57:46.397
393,EduPathFinder,Доступно для покупки,Онлайн-образование,онлайн-образование,gemini-flash-1.5,2025-02-15 23:57:46.397
394,CourseMaster,Доступно для покупки,Онлайн-образование,онлайн-образование,gemini-flash-1.5,2025-02-15 23:57:46.397
395,EduPathfinder,Доступно для покупки,Онлайн-образование,онлайн-образование,gemini-flash-1.5,2025-02-15 23:57:46.397
396,Beyond_Stocks_,Свободно,Альтернативные инвестиции,альтернативные инвестиции,gemini-flash-1.5,2025-02-15 23:57:46.397
397,Crypto_Alpha_,Свободно,Альтернативные инвестиции,альтернативные инвестиции,gemini-flash-1.5,2025-02-15 23:57:46.397
398,Crypto_Arbitrage_,Свободно,Альтернативные инвестиции,альтернативные инвестиции,gemini-flash-1.5,2025-02-15 23:57:46.397
400,Crypto_Arbitrage_Bot,Свободно,Альтернативные инвестиции,льтернативные инвестиции,gemini-flash-1.5,2025-02-15 23:57:46.397
401,CryptoHedgeFund,Доступно для покупки,Альтернативные инвестиции,Альтернативные инвестиции. запрещено нижнее подчеркивание на конце username,gemini-flash-1.5,2025-02-15 23:57:46.397
402,InvestWiselyNow,Доступно для покупки,Альтернативные инвестиции,Альтернативные инвестиции. запрещено нижнее подчеркивание на конце username,gemini-flash-1.5,2025-02-15 23:57:46.397
403,FutureReturns_,Свободно,Альтернативные инвестиции,льтернативные инвестиции,gemini-flash-1.5,2025-02-15 23:57:46.397
404,SmartYields,Доступно для покупки,Альтернативные инвестиции,Альтернативные инвестиции. запрещено нижнее подчеркивание на конце username,gemini-flash-1.5,2025-02-15 23:57:46.397
405,HedgeFundInsider,Доступно для покупки,Альтернативные инвестиции,Альтернативные инвестиции. запрещено нижнее подчеркивание на конце username,gemini-flash-1.5,2025-02-15 23:57:46.397
406,FutureOfFinance,Доступно для покупки,Альтернативные инвестиции,Альтернативные инвестиции. запрещено нижнее подчеркивание на конце username,gemini-flash-1.5,2025-02-15 23:57:46.397
407,InvestWisely,Доступно для покупки,Альтернативные инвестиции,Альтернативные инвестиции. запрещено нижнее подчеркивание на конце username,gemini-flash-1.5,2025-02-15 23:57:46.397
408,FutureReturns,Доступно для покупки,Альтернативные инвестиции,Альтернативные инвестиции. запрещено нижнее подчеркивание на конце username,gemini-flash-1.5,2025-02-15 23:57:46.397
414,GlobalGrowthFund,Свободно,Альтернативные инвестиции,Альтернативные инвестиции. запрещено нижнее подчеркивание на конце username,gemini-flash-1.5,2025-02-15 23:57:46.397
416,_Crypto_HedgeFund_,Свободно,Альтернативные инвестиции,Альтернативные инвестиции,gemini-flash-1.5,2025-02-15 23:57:46.397
418,Growth_Hacking_,Свободно,Альтернативные инвестиции,Альтернативные инвестиции,gemini-flash-1.5,2025-02-15 23:57:46.397
419,_Crypto_HedgeFund,Свободно,Альтернативные инвестиции,Альтернативные инвестиции,gemini-flash-1.5,2025-02-15 23:57:46.397
426,TgBotDev,Доступно для покупки,Telegram Bot Development,создание телеграм ботов. Не использовать bot на конце. запрещено нижнее подчеркивание на конце username,gemini-flash-1.5,2025-02-15 23:57:46.397
427,BotLogic,Доступно для покупки,Telegram Bot Development,создание телеграм ботов. Не использовать bot на конце. запрещено нижнее подчеркивание на конце username,gemini-flash-1.5,2025-02-15 23:57:46.397
428,ApiCoder,Свободно,Telegram Bot Development,создание телеграм ботов. Не использовать bot на конце. запрещено нижнее подчеркивание на конце username,gemini-flash-1.5,2025-02-15 23:57:46.397
430,ScriptWizard,Свободно,Telegram Bot Development,создание телеграм ботов. Не использовать bot на конце. запрещено нижнее подчеркивание на конце username,gemini-flash-1.5,2025-02-15 23:57:46.397
431,TeleBotMaster,Доступно для покупки,Telegram Bot Development,создание телеграм ботов. Не использовать bot на конце. запрещено нижнее подчеркивание на конце username,gemini-flash-1.5,2025-02-15 23:57:46.397
434,ChatbotArchitect,Доступно для покупки,Telegram Bot Development,создание телеграм ботов. Не использовать bot на конце. запрещено нижнее подчеркивание на конце username,gemini-flash-1.5,2025-02-15 23:57:46.397
435,ChatBotArchitect,Доступно для покупки,Создание Telegram ботов,Вот сгенерированные для вас username по теме 'создание телеграм ботов. Не использовать bot на конце. запрещено нижнее подчеркивание на конце username',gemini-flash-1.5,2025-02-15 23:57:46.397
437,ChatBotPro,Доступно для покупки,Создание Telegram ботов,Вот сгенерированные для вас username по теме 'создание телеграм ботов. Не использовать bot на конце. запрещено нижнее подчеркивание на конце username',gemini-flash-1.5,2025-02-15 23:57:46.397
438,DeepLearning4,Доступно для покупки,ИИ в обучении,ИИ в обучении,gemini-flash-1.5,2025-02-15 23:57:46.397
439,LearnWithAI,Доступно для покупки,ИИ в обучении,ИИ в обучении,gemini-flash-1.5,2025-02-15 23:57:46.397
440,MilkyWayExplorer,FLOOD_CONTROL:6564,"Космос, астрономия",Milkyway,gemini-flash-1.5,2025-02-15 23:57:46.397
441,GalaxyGuide_bot,FLOOD_CONTROL:6563,"Космос, астрономия",Milkyway,gemini-flash-1.5,2025-02-15 23:57:46.397
442,StarryNightHunter,FLOOD_CONTROL:6563,"Космос, астрономия",Milkyway,gemini-flash-1.5,2025-02-15 23:57:46.397
443,CosmicDust123,FLOOD_CONTROL:6563,"Космос, астрономия",Milkyway,gemini-flash-1.5,2025-02-15 23:57:46.397
444,MilkyWayMapper,FLOOD_CONTROL:6563,"Космос, астрономия",Milkyway,gemini-flash-1.5,2025-02-15 23:57:46.397
445,NebulaNavigator,FLOOD_CONTROL:6563,"Космос, астрономия",Milkyway,gemini-flash-1.5,2025-02-15 23:57:46.397
446,GalaxyGuide2024,FLOOD_CONTROL:6559,"Космос, астрономия",Milkyway,gemini-flash-1.5,2025-02-15 23:57:46.397
447,CosmicDust_bot,FLOOD_CONTROL:6559,"Космос, астрономия",Milkyway,gemini-flash-1.5,2025-02-15 23:57:46.397
448,CelestialNavigator,FLOOD_CONTROL:6559,"Космос, астрономия",Milkyway,gemini-flash-1.5,2025-02-15 23:57:46.397
450,GalaxyGuide23,FLOOD_CONTROL:4770,"Космос, астрономия",Milkyway,gemini-flash-1.5,2025-02-15 23:57:46.397
452,CosmicDustCloud,FLOOD_CONTROL:4770,"Космос, астрономия",Milkyway,gemini-flash-1.5,2025-02-15 23:57:46.397
460,Cosmic_Wanderer,Занято,Разнообразная тематика,Любая тема,gemini-flash-1.5,2025-02-15 23:57:46.397
461,DataStream_7,Свободно,Разнообразная тематика,Любая тема,gemini-flash-1.5,2025-02-15 23:57:46.397
462,SilentObserver123,Свободно,Разнообразная тематика,Любая тема,gemini-flash-1.5,2025-02-15 23:57:46.397
463,CreativeSpark42,Свободно,Разнообразная тематика,Любая тема,gemini-flash-1.5,2025-02-15 23:57:46.397
464,MusicStarNews,Свободно,Популярные музыканты,Популярные музыканты,gemini-flash-1.5,2025-02-15 23:57:46.397
465,TopCharts_Hits,Свободно,Популярные музыканты,Популярные музыканты,gemini-flash-1.5,2025-02-15 23:57:46.397
466,Global_Music_Vibes,Свободно,Популярные музыканты,Популярные музыканты,gemini-flash-1.5,2025-02-15 23:57:46.397
467,Roman_Lyre_Master,Свободно,Древнеримские музыканты,популярные музыканты древнего рима,gemini-flash-1.5,2025-02-15 23:57:46.397
468,Augustus_Harp,Свободно,Древнеримские музыканты,популярные музыканты древнего рима,gemini-flash-1.5,2025-02-15 23:57:46.397
470,Beatles,Занято,Известные музыканты,"Самые известные музыканты. В одно слово, без цифр",gemini-flash-1.5,2025-02-15 23:57:46.397
471,Mozart,Занято,Известные музыканты,"Самые известные музыканты. В одно слово, без цифр",gemini-flash-1.5,2025-02-15 23:57:46.397
472,Hendrix,Доступно для покупки,Известные музыканты,"Самые известные музыканты. В одно слово, без цифр",gemini-flash-1.5,2025-02-15 23:57:46.397
473,Madonna,Занято,Известные музыканты,"Самые известные музыканты. В одно слово, без цифр",gemini-flash-1.5,2025-02-15 23:57:46.397
474,Elvis,Продано,Известные музыканты,"Самые известные музыканты. В одно слово, без цифр",gemini-flash-1.5,2025-02-15 23:57:46.397
475,Jagger,Доступно для покупки,Известные музыканты,"Самые известные музыканты. В одно слово, без цифр",gemini-flash-1.5,2025-02-15 23:57:46.397
476,Zeppelin,Занято,Известные музыканты,"Самые известные музыканты. В одно слово, без цифр",gemini-flash-1.5,2025-02-15 23:57:46.397
477,Queen,Продано,Известные музыканты,"Самые известные музыканты. В одно слово, без цифр",gemini-flash-1.5,2025-02-15 23:57:46.397
478,Joplin,Занято,Известные музыканты,"Самые известные музыканты. В одно слово, без цифр",gemini-flash-1.5,2025-02-15 23:57:46.397
479,GustavMahler_1880s,Свободно,ClassicalMusic1880s,Самые известные музыканты 1880х,gemini-flash-1.5,2025-02-15 23:57:46.397
480,PiotrIlyichTchaikovsky,Занято,ClassicalMusic1880s,Самые известные музыканты 1880х,gemini-flash-1.5,2025-02-15 23:57:46.397
481,JohannesBrahms_Legacy,Свободно,ClassicalMusic1880s,Самые известные музыканты 1880х,gemini-flash-1.5,2025-02-15 23:57:46.397
482,AntoninDvorak_Masterpiece,Свободно,ClassicalMusic1880s,Самые известные музыканты 1880х,gemini-flash-1.5,2025-02-15 23:57:46.397
491,JoniMitchell,Доступно для покупки,Известные музыканты,"Известные музыканты, но не самые очевидные. В одно слово, без цифр",gemini-flash-1.5,2025-02-15 23:57:46.397
492,NickCave,Занято,Известные музыканты,"Известные музыканты, но не самые очевидные. В одно слово, без цифр",gemini-flash-1.5,2025-02-15 23:57:46.397
493,LeonardCohen,Занято,Известные музыканты,"Известные музыканты, но не самые очевидные. В одно слово, без цифр",gemini-flash-1.5,2025-02-15 23:57:46.397
494,BillieHoliday,Занято,Известные музыканты,"Известные музыканты, но не самые очевидные. В одно слово, без цифр",gemini-flash-1.5,2025-02-15 23:57:46.397
495,JeffBuckley,Занято,Известные музыканты,"Известные музыканты, но не самые очевидные. В одно слово, без цифр",gemini-flash-1.5,2025-02-15 23:57:46.397
496,NinaSimone,Занято,Известные музыканты,"Известные музыканты, но не самые очевидные. В одно слово, без цифр",gemini-flash-1.5,2025-02-15 23:57:46.397
497,MazzyStar,Занято,"Известные музыканты, но не самые очевидные","Известные музыканты, но не самые очевидные. В одно слово, без цифр",gemini-flash-1.5,2025-02-15 23:57:46.397
498,CocteauTwins,Занято,"Известные музыканты, но не самые очевидные","Известные музыканты, но не самые очевидные. В одно слово, без цифр",gemini-flash-1.5,2025-02-15 23:57:46.397
499,VelvetUnderground,Доступно для покупки,"Известные музыканты, но не самые очевидные","Известные музыканты, но не самые очевидные. В одно слово, без цифр",gemini-flash-1.5,2025-02-15 23:57:46.397
500,Morricone,Занято,"Известные музыканты, не самые очевидные","Известные музыканты, но не самые очевидные. В одно слово, без цифр",gemini-flash-1.5,2025-02-15 23:57:46.397
501,Gershwin,Занято,"Известные музыканты, не самые очевидные","Известные музыканты, но не самые очевидные. В одно слово, без цифр",gemini-flash-1.5,2025-02-15 23:57:46.397
502,Cobain,Занято,"Известные музыканты, не самые очевидные","Известные музыканты, но не самые очевидные. В одно слово, без цифр",gemini-flash-1.5,2025-02-15 23:57:46.397
504,Bacharach,Занято,"Известные музыканты, не самые очевидные","Известные музыканты, но не самые очевидные. В одно слово, без цифр",gemini-flash-1.5,2025-02-15 23:57:46.397
505,Mercury,Занято,"Известные музыканты, не самые очевидные","Известные музыканты, но не самые очевидные. В одно слово, без цифр",gemini-flash-1.5,2025-02-15 23:57:46.397
506,IllusionMaster,Занято,Известные фокусники,Известные фокусники,gemini-flash-1.5,2025-02-15 23:57:46.397
507,HoudiniLegacy,Свободно,Известные фокусники,Известные фокусники,gemini-flash-1.5,2025-02-15 23:57:46.397
508,Great_Escapologist,Свободно,Известные фокусники,Известные фокусники,gemini-flash-1.5,2025-02-15 23:57:46.397
509,Magic_Merlin,Свободно,Известные фокусники,Известные фокусники,gemini-flash-1.5,2025-02-15 23:57:46.397
725,PhoneCheck_App,Свободно,MobileVerification,Проверка с телефона,gemini-flash-1.5,2025-02-16 00:41:35.280
510,MerlinMagic,Занято,"Волшебство, Мерлин",обыграй название magic_merlin. Нужен похожий username,gemini-flash-1.5,2025-02-15 23:57:46.397
511,MagicMerlin2,Свободно,"Волшебство, Мерлин",обыграй название magic_merlin. Нужен похожий username,gemini-flash-1.5,2025-02-15 23:57:46.397
512,Merlin_the_Wise,Занято,"Волшебство, Мерлин",обыграй название magic_merlin. Нужен похожий username,gemini-flash-1.5,2025-02-15 23:57:46.397
513,EnchantedMerlin,Свободно,"Волшебство, Мерлин",обыграй название magic_merlin. Нужен похожий username,gemini-flash-1.5,2025-02-15 23:57:46.397
514,MerlinSpells,Свободно,"Волшебство, Мерлин",обыграй название magic_merlin. Нужен похожий username,gemini-flash-1.5,2025-02-15 23:57:46.397
515,MouseParty_HQ,Свободно,Праздник мышей,Праздник мышей,gemini-flash-1.5,2025-02-15 23:57:46.397
516,SqueakyCelebration,Свободно,Праздник мышей,Праздник мышей,gemini-flash-1.5,2025-02-15 23:57:46.397
517,WhiskerFest2024,Свободно,Праздник мышей,Праздник мышей,gemini-flash-1.5,2025-02-15 23:57:46.397
518,Hooky_Spooky,Свободно,"Мистические игры, волшебство",хуки пуки,gemini-flash-1.5,2025-02-15 23:57:46.397
519,HocusPocusMagic,Занято,"Мистические игры, волшебство",хуки пуки,gemini-flash-1.5,2025-02-15 23:57:46.397
520,Pukey_the_Wizard,Свободно,"Мистические игры, волшебство",хуки пуки,gemini-flash-1.5,2025-02-15 23:57:46.397
521,Hooky_Puking_Games,Свободно,"Мистические игры, волшебство",хуки пуки,gemini-flash-1.5,2025-02-15 23:57:46.397
522,ConnectionCheck,Свободно,Проверка связи,проверка связи,gemini-flash-1.5,2025-02-15 23:57:46.397
523,LinkChecker_bot,Занято,Проверка связи,проверка связи,gemini-flash-1.5,2025-02-15 23:57:46.397
524,SignalStrength,Занято,Проверка связи,проверка связи,gemini-flash-1.5,2025-02-15 23:57:46.397
525,NetworkPulse,Свободно,Проверка связи,проверка связи,gemini-flash-1.5,2025-02-15 23:57:46.397
526,ConnectivityTest,Доступно для покупки,Проверка связи,проверка связи,gemini-flash-1.5,2025-02-15 23:57:46.397
527,OnlineStatusBot,Занято,Проверка связи,проверка связи,gemini-flash-1.5,2025-02-15 23:57:46.397
528,LinkChecker_247,Свободно,Проверка связи,проверка связи,gemini-flash-1.5,2025-02-15 23:57:46.397
530,SignalVerifier,Свободно,Проверка связи,проверка связи,gemini-flash-1.5,2025-02-15 23:57:46.397
531,ConnectionTestBot,Занято,Проверка связи,проверка связи,gemini-flash-1.5,2025-02-15 23:57:46.397
532,NetworkPulse_bot,Свободно,Проверка связи,проверка связи,gemini-flash-1.5,2025-02-15 23:57:46.397
533,Check_Authority,Свободно,Проверка,проверка,gemini-flash-1.5,2025-02-15 23:57:46.397
535,Verify_Me_Now,Доступно для покупки,Проверка,проверка,gemini-flash-1.5,2025-02-15 23:57:46.397
536,Truth_Seeker_Bot,Занято,Проверка,проверка,gemini-flash-1.5,2025-02-15 23:57:46.397
537,DataValidator123,Свободно,Проверка,проверка,gemini-flash-1.5,2025-02-15 23:57:46.397
538,IdeaGenerator4U,Свободно,"Творчество, генерация идей",что бы такое написать,gemini-flash-1.5,2025-02-15 23:57:46.397
539,WriteItNow_bot,Занято,"Творчество, генерация идей",что бы такое написать,gemini-flash-1.5,2025-02-15 23:57:46.397
540,TextSpark,Свободно,"Творчество, генерация идей",что бы такое написать,gemini-flash-1.5,2025-02-15 23:57:46.397
541,CreativeFlow123,Свободно,"Творчество, генерация идей",что бы такое написать,gemini-flash-1.5,2025-02-15 23:57:46.397
542,LocalRun_bot,Свободно,Локальные боты без вебхука,локальный запуск бота без вебхука,gemini-flash-1.5,2025-02-15 23:57:46.397
543,OfflineBotHelper,Свободно,Локальные боты без вебхука,локальный запуск бота без вебхука,gemini-flash-1.5,2025-02-15 23:57:46.397
544,MyLittleBot_v2,Свободно,Локальные боты без вебхука,локальный запуск бота без вебхука,gemini-flash-1.5,2025-02-15 23:57:46.397
545,Webhook_FleaFeast,Свободно,"Юмор, абсурд",вебхук объелся блох,gemini-flash-1.5,2025-02-15 23:57:46.397
546,FleaBittenWebhook,Свободно,"Юмор, абсурд",вебхук объелся блох,gemini-flash-1.5,2025-02-15 23:57:46.397
547,Webhook_Bloat,Свободно,"Юмор, абсурд",вебхук объелся блох,gemini-flash-1.5,2025-02-15 23:57:46.397
548,BestKittyEver,Свободно,Лучший_кот_в_мире,самый лучший на свете кот,gemini-flash-1.5,2025-02-15 23:57:46.397
549,Purrfect_King,Свободно,Лучший_кот_в_мире,самый лучший на свете кот,gemini-flash-1.5,2025-02-15 23:57:46.397
550,TopCat_Of_TheWorld,Свободно,Лучший_кот_в_мире,самый лучший на свете кот,gemini-flash-1.5,2025-02-15 23:57:46.397
551,ShadowWalker7,Занято,"Правонарушения, избежание ответственности",не пойман - не вор,gemini-flash-1.5,2025-02-15 23:57:46.397
552,UnseenHand_1984,Свободно,"Правонарушения, избежание ответственности",не пойман - не вор,gemini-flash-1.5,2025-02-15 23:57:46.397
553,GhostInTheMachine2,Занято,"Правонарушения, избежание ответственности",не пойман - не вор,gemini-flash-1.5,2025-02-15 23:57:46.397
554,The_Elusive_One,Занято,"Правонарушения, избежание ответственности",не пойман - не вор,gemini-flash-1.5,2025-02-15 23:57:46.397
555,ShadowJustice,Занято,"Юриспруденция, правонарушения",не пойман - не вор,gemini-flash-1.5,2025-02-15 23:57:46.397
556,UnseenHand_17,Свободно,"Юриспруденция, правонарушения",не пойман - не вор,gemini-flash-1.5,2025-02-15 23:57:46.397
557,NoProofNeeded,Свободно,"Юриспруденция, правонарушения",не пойман - не вор,gemini-flash-1.5,2025-02-15 23:57:46.397
558,AreYouWorkingNow,Свободно,Работа/Занятость,Привет. Ты работаешь?,gemini-flash-1.5,2025-02-15 23:57:46.397
559,BusyBee_Checker,Свободно,Работа/Занятость,Привет. Ты работаешь?,gemini-flash-1.5,2025-02-15 23:57:46.397
560,WorkingHoursBot,Занято,Работа/Занятость,Привет. Ты работаешь?,gemini-flash-1.5,2025-02-15 23:57:46.397
561,IsItWorkTime,Свободно,Работа/Занятость,Привет. Ты работаешь?,gemini-flash-1.5,2025-02-15 23:57:46.397
562,DonutHats,Свободно,Пончики в шляпах,пончики в шляпах,gemini-flash-1.5,2025-02-15 23:57:46.397
563,GlazedAndHats,Свободно,Пончики в шляпах,пончики в шляпах,gemini-flash-1.5,2025-02-15 23:57:46.397
11,Rapture_Express,Свободно,Неизвестно,ликование,gemini-flash-1.5,2025-02-15 23:57:46.397
31,AnyThingSeller,Свободно,Неизвестно,"Если долго-долго-долго, если долго по тропинке ехать и бежать, то наверно-верно-верно можно можно можно куда-нибудь прийти. И придем придем придем мы к нашему магазину, который продаст тебе любые всев",gemini-flash-1.5,2025-02-15 23:57:46.397
32,Token,Занято,Неизвестно,Проверка - 1 токен на генерацию,gemini-flash-1.5,2025-02-15 23:57:46.397
93,Rembrandt_Art,Свободно,Неизвестно,имена самых известных художников,gemini-flash-1.5,2025-02-15 23:57:46.397
63,TokenCounterBot,Свободно,Неизвестно,Проверка - 15 токенов на генерацию и просто текст для заполнения яяяпроверяю изменится ли в счетчике токенов output яяяяяяяяяяяяяяяяяяяяяяяяяяяяяяяяяяяяяяяяяяяяяяяяяяяяяяяяяяяяяяяяяяяяяяяяяяяяяяяяяяяя,gemini-flash-1.5,2025-02-15 23:57:46.397
72,API_Seafarer,Свободно,Неизвестно,"добавил логирование ответа API. Теперь можно видеть, какой сырой ответ он прислал, сколько токенов занял. А тему давай... МОРСКИЕ ПУТЕШЕСТВИЯ",gemini-flash-1.5,2025-02-15 23:57:46.397
88,ZooBuddyStore,Свободно,Неизвестно,выведи несколько самых популярных имён  на тему зоомагазина,gemini-flash-1.5,2025-02-15 23:57:46.397
99,Monet,Доступно для покупки,Неизвестно,имена самых известных художников просто их имена без дополнений. Например Leonardo,gemini-flash-1.5,2025-02-15 23:57:46.397
100,Frida,Занято,Неизвестно,имена самых известных художников просто их имена без дополнений. Например Leonardo,gemini-flash-1.5,2025-02-15 23:57:46.397
134,Retro_Ten_,Свободно,ГАЗ2110 фанаты,Поклонники ГАЗ2110,gemini-flash-1.5,2025-02-15 23:57:46.397
145,SilkenTouch88,Свободно,Игрушка для взрослых,сгенерируй название для самой приятной в мире игрушки для взрослых,gemini-flash-1.5,2025-02-15 23:57:46.397
146,PleasurePalace_Inc,Свободно,Игрушка для взрослых,сгенерируй название для самой приятной в мире игрушки для взрослых,gemini-flash-1.5,2025-02-15 23:57:46.397
147,EcstasyBliss,Свободно,Взрослая игрушка,название для самой сексуальной в мире игрушки для взрослой. Доставляет лучший оргазм. В названии не должно быть цифр. Это длжно быть запоминающееся название,gemini-flash-1.5,2025-02-15 23:57:46.397
148,PleasurePeak,Доступно для покупки,Взрослая игрушка,название для самой сексуальной в мире игрушки для взрослой. Доставляет лучший оргазм. В названии не должно быть цифр. Это длжно быть запоминающееся название,gemini-flash-1.5,2025-02-15 23:57:46.397
149,SecretDesire,Доступно для покупки,Взрослая игрушка,название для самой сексуальной в мире игрушки для взрослой. Доставляет лучший оргазм. В названии не должно быть цифр. Это длжно быть запоминающееся название,gemini-flash-1.5,2025-02-15 23:57:46.397
150,MidnightTouch,Доступно для покупки,Взрослая игрушка,название для самой сексуальной в мире игрушки для взрослой. Доставляет лучший оргазм. В названии не должно быть цифр. Это длжно быть запоминающееся название,gemini-flash-1.5,2025-02-15 23:57:46.397
153,EcstasyWhisper,Свободно,Сексуальные игрушки,название для самой сексуальной в мире игрушки для взрослой. Доставляет лучший оргазм. В названии не должно быть цифр. Это длжно быть запоминающееся название,gemini-flash-1.5,2025-02-15 23:57:46.397
564,HattedDonutCo,Свободно,Пончики в шляпах,пончики в шляпах,gemini-flash-1.5,2025-02-15 23:57:46.397
565,WorkCheck_Pro,Свободно,Проверка работы,проверка работы,gemini-flash-1.5,2025-02-15 23:57:46.397
566,TaskValidator123,Свободно,Проверка работы,проверка работы,gemini-flash-1.5,2025-02-15 23:57:46.397
567,QualityControlBot,Занято,Проверка работы,проверка работы,gemini-flash-1.5,2025-02-15 23:57:46.397
568,PerformanceMonitor,Свободно,Проверка работы,проверка работы,gemini-flash-1.5,2025-02-15 23:57:46.397
570,GenTimeInspector,Свободно,Время генерации,проверка времени генерации,gemini-flash-1.5,2025-02-15 23:57:46.397
571,CreationTimeBot,Свободно,Время генерации,проверка времени генерации,gemini-flash-1.5,2025-02-15 23:57:46.397
572,LocalPollTime,Свободно,Локальная проверка времени,Проверка времени генерации - polling локально,gemini-flash-1.5,2025-02-15 23:57:46.397
573,TimeChecker_bot,Занято,Локальная проверка времени,Проверка времени генерации - polling локально,gemini-flash-1.5,2025-02-15 23:57:46.397
574,PollTimeBot,Занято,Локальная проверка времени,Проверка времени генерации - polling локально,gemini-flash-1.5,2025-02-15 23:57:46.397
575,GenTimeMonitor,Свободно,Локальная проверка времени,Проверка времени генерации - polling локально,gemini-flash-1.5,2025-02-15 23:57:46.397
623,YourProfileHere,Свободно,Очевидные юзернеймы,самые очевидные юзернеймы,gemini-flash-1.5,2025-02-15 23:57:46.397
577,LocalPollChecker,Свободно,Проверка времени генерации (локальный polling),Проверка времени генерации - polling локально -,gemini-flash-1.5,2025-02-15 23:57:46.397
578,TimePollBot,Занято,Проверка времени генерации (локальный polling),Проверка времени генерации - polling локально -,gemini-flash-1.5,2025-02-15 23:57:46.397
580,PollingTime_bot,Свободно,Проверка времени генерации (локальный polling),Проверка времени генерации - polling локально -,gemini-flash-1.5,2025-02-15 23:57:46.397
582,TimeGenTester,Свободно,Тестирование времени генерации,Проверка времени генерации - polling локально -,gemini-flash-1.5,2025-02-15 23:57:46.397
584,LocalTimeChecker,Свободно,Проверка времени генерации (локальный polling),Проверка времени генерации - polling локально -,gemini-flash-1.5,2025-02-15 23:57:46.397
585,PollingTimeBot,Свободно,Проверка времени генерации (локальный polling),Проверка времени генерации - polling локально -,gemini-flash-1.5,2025-02-15 23:57:46.397
587,MoonWifiCheck,Свободно,Космос/Интернет,работает ли вай фай на луне?,gemini-flash-1.5,2025-02-15 23:57:46.397
588,LunarLan_bot,Свободно,Космос/Интернет,работает ли вай фай на луне?,gemini-flash-1.5,2025-02-15 23:57:46.397
589,NoMoonWiFi,Свободно,Космос/Интернет,работает ли вай фай на луне?,gemini-flash-1.5,2025-02-15 23:57:46.397
590,WorkHardPlayHarder,Занято,Productivity_and_Pleasure,работает ли человек когда дрочит?,gemini-flash-1.5,2025-02-15 23:57:46.397
591,Efficiency_Paradox,Свободно,Productivity_and_Pleasure,работает ли человек когда дрочит?,gemini-flash-1.5,2025-02-15 23:57:46.397
592,FocusFlowState,Свободно,Productivity_and_Pleasure,работает ли человек когда дрочит?,gemini-flash-1.5,2025-02-15 23:57:46.397
593,TheProductivityMyth,Свободно,Productivity_and_Pleasure,работает ли человек когда дрочит?,gemini-flash-1.5,2025-02-15 23:57:46.397
594,UnlockedAccess,Свободно,Доступ к ранее недоступному,Недоступные стали доступные,gemini-flash-1.5,2025-02-15 23:57:46.397
595,HiddenGemsRevealed,Свободно,Доступ к ранее недоступному,Недоступные стали доступные,gemini-flash-1.5,2025-02-15 23:57:46.397
596,NowYouCanGetIt,Свободно,Доступ к ранее недоступному,Недоступные стали доступные,gemini-flash-1.5,2025-02-15 23:57:46.397
597,Mytishchi_Gang,Свободно,"Локальный юмор, связанный с Мытищами",мытищинские колдыри,gemini-flash-1.5,2025-02-15 23:57:46.397
598,Mytishchi_Legends,Свободно,"Локальный юмор, связанный с Мытищами",мытищинские колдыри,gemini-flash-1.5,2025-02-15 23:57:46.397
599,Koldiri_MT,Свободно,"Локальный юмор, связанный с Мытищами",мытищинские колдыри,gemini-flash-1.5,2025-02-15 23:57:46.397
600,TopMusicCharts,Доступно для покупки,Популярные музыканты,Самые популярные музыканты,gemini-flash-1.5,2025-02-15 23:57:46.397
601,GlobalHitmakers,Свободно,Популярные музыканты,Самые популярные музыканты,gemini-flash-1.5,2025-02-15 23:57:46.397
602,MusicStarUpdates,Свободно,Популярные музыканты,Самые популярные музыканты,gemini-flash-1.5,2025-02-15 23:57:46.397
603,LegendarySingers,Свободно,Популярные музыканты,Самые популярные музыканты,gemini-flash-1.5,2025-02-15 23:57:46.397
604,TheBeatlesForever,Занято,Музыкальные легенды,Самые известные музыканты всех времен,gemini-flash-1.5,2025-02-15 23:57:46.397
605,ClassicRockGods,Свободно,Музыкальные легенды,Самые известные музыканты всех времен,gemini-flash-1.5,2025-02-15 23:57:46.397
606,Queen_Unofficial,Занято,Музыкальные легенды,Самые известные музыканты всех времен,gemini-flash-1.5,2025-02-15 23:57:46.397
607,ElvisPresley_Fan,Свободно,Музыкальные легенды,Самые известные музыканты всех времен,gemini-flash-1.5,2025-02-15 23:57:46.397
608,MichaelJackson_Era,Свободно,Музыкальные легенды,Самые известные музыканты всех времен,gemini-flash-1.5,2025-02-15 23:57:46.397
609,Beatles_Forever,Занято,Знаменитые музыканты,Знаменитые музыканты,gemini-flash-1.5,2025-02-15 23:57:46.397
610,Queen_Magic,Доступно для покупки,Знаменитые музыканты,Знаменитые музыканты,gemini-flash-1.5,2025-02-15 23:57:46.397
611,RollingStonesRock,Свободно,Знаменитые музыканты,Знаменитые музыканты,gemini-flash-1.5,2025-02-15 23:57:46.397
612,MichaelJacksonKing,Занято,Знаменитые музыканты,Знаменитые музыканты,gemini-flash-1.5,2025-02-15 23:57:46.397
613,ElvisPresley_Legend,Свободно,Знаменитые музыканты,Знаменитые музыканты,gemini-flash-1.5,2025-02-15 23:57:46.397
614,PinkFloydEchoes,Занято,Знаменитые музыканты,Знаменитые музыканты,gemini-flash-1.5,2025-02-15 23:57:46.397
615,Mozart_Maestro,Свободно,Знаменитые музыканты,Знаменитые музыканты,gemini-flash-1.5,2025-02-15 23:57:46.397
616,SimpleUser,Занято,Очевидные юзернеймы,самые очевидные юзернеймы,gemini-flash-1.5,2025-02-15 23:57:46.397
617,MyAccount,Занято,Очевидные юзернеймы,самые очевидные юзернеймы,gemini-flash-1.5,2025-02-15 23:57:46.397
618,YourProfile,Доступно для покупки,Очевидные юзернеймы,самые очевидные юзернеймы,gemini-flash-1.5,2025-02-15 23:57:46.397
619,ThisIsMe,Занято,Очевидные юзернеймы,самые очевидные юзернеймы,gemini-flash-1.5,2025-02-15 23:57:46.397
620,UserName123,Занято,Очевидные юзернеймы,самые очевидные юзернеймы,gemini-flash-1.5,2025-02-15 23:57:46.397
621,DefaultAccount,Занято,Очевидные юзернеймы,самые очевидные юзернеймы,gemini-flash-1.5,2025-02-15 23:57:46.397
622,MyTelegramAccount,Занято,Очевидные юзернеймы,самые очевидные юзернеймы,gemini-flash-1.5,2025-02-15 23:57:46.397
624,User12345,Занято,Очевидные юзернеймы,самые очевидные юзернеймы,gemini-flash-1.5,2025-02-15 23:57:46.397
625,BasicAccount,Доступно для покупки,Очевидные юзернеймы,самые очевидные юзернеймы,gemini-flash-1.5,2025-02-15 23:57:46.397
626,CharmingDude,Занято,Красавчик,красавчик,gemini-flash-1.5,2025-02-15 23:57:46.397
627,Mr_Handsome_bot,Занято,Красавчик,красавчик,gemini-flash-1.5,2025-02-15 23:57:46.397
628,ElegantGentleman,Занято,Красавчик,красавчик,gemini-flash-1.5,2025-02-15 23:57:46.397
629,TopNotchGuy_bot,Свободно,Красавчик,красавчик,gemini-flash-1.5,2025-02-15 23:57:46.397
630,Dashing_Ace,Свободно,Красавчик,красавчик,gemini-flash-1.5,2025-02-15 23:57:46.397
631,TopLad_bot,Свободно,Красавчик,красавчик,gemini-flash-1.5,2025-02-15 23:57:46.397
632,WonderWorldBot,Занято,Позитивная философия,what a wonderful world,gemini-flash-1.5,2025-02-15 23:57:46.397
633,WhatAWonderfulLife,Занято,Позитивная философия,what a wonderful world,gemini-flash-1.5,2025-02-15 23:57:46.397
634,BeautifulPlanet_bot,Занято,Позитивная философия,what a wonderful world,gemini-flash-1.5,2025-02-15 23:57:46.397
635,WorldOfJoyBot,Свободно,Позитивная философия,what a wonderful world,gemini-flash-1.5,2025-02-15 23:57:46.397
636,AmazingWorldExplorer,Свободно,Позитивная философия,what a wonderful world,gemini-flash-1.5,2025-02-15 23:57:46.397
637,WonderfulWorldBot,Занято,"Позитив, вдохновение, мир",what a wonderful world,gemini-flash-1.5,2025-02-15 23:57:46.397
638,AmazingPlanet_bot,Занято,"Позитив, вдохновение, мир",what a wonderful world,gemini-flash-1.5,2025-02-15 23:57:46.397
639,HappyEarthExplorer,Свободно,"Позитив, вдохновение, мир",what a wonderful world,gemini-flash-1.5,2025-02-15 23:57:46.397
641,CanYouDoIt_bot,Занято,Запросы и ответы,canyoudoit,gemini-flash-1.5,2025-02-15 23:57:46.397
642,ChallengeAcceptedBot,Занято,Запросы и ответы,canyoudoit,gemini-flash-1.5,2025-02-15 23:57:46.397
643,TaskMasterBot,Занято,Запросы и ответы,canyoudoit,gemini-flash-1.5,2025-02-15 23:57:46.397
644,ImPossibleIsNothing,Занято,Запросы и ответы,canyoudoit,gemini-flash-1.5,2025-02-15 23:57:46.397
645,GetItDone_bot,Занято,Запросы и ответы,canyoudoit,gemini-flash-1.5,2025-02-15 23:57:46.397
646,CanYouDoItNow,Свободно,Запросы и задачи,canyoudoit,gemini-flash-1.5,2025-02-15 23:57:46.397
647,DoIt4U_bot,Занято,Запросы и задачи,canyoudoit,gemini-flash-1.5,2025-02-15 23:57:46.397
648,CanYouDoIt_Helper,Свободно,Задания и помощь,canyoudoit,gemini-flash-1.5,2025-02-15 23:57:46.397
649,ChallengeSolverBot,Свободно,Задания и помощь,canyoudoit,gemini-flash-1.5,2025-02-15 23:57:46.397
650,SilkParadox_bot,Свободно,Парадокс комфорта,шелковые простыни парадоксально жесткие,gemini-flash-1.5,2025-02-15 23:57:46.397
651,SatinSteelBot,Свободно,Парадокс комфорта,шелковые простыни парадоксально жесткие,gemini-flash-1.5,2025-02-15 23:57:46.397
652,SoftIronSheets,Свободно,Парадокс комфорта,шелковые простыни парадоксально жесткие,gemini-flash-1.5,2025-02-15 23:57:46.397
653,Shakespeare_Bot,Занято,Известные имена,известные имена,gemini-flash-1.5,2025-02-15 23:57:46.397
654,DaVinciCode,Занято,Известные имена,известные имена,gemini-flash-1.5,2025-02-15 23:57:46.397
655,MarieCurie_bot,Занято,Известные имена,известные имена,gemini-flash-1.5,2025-02-15 23:57:46.397
656,GenghisKhan123,Занято,Известные имена,известные имена,gemini-flash-1.5,2025-02-15 23:57:46.397
657,NewtonianPhysics,Занято,Известные имена,известные имена,gemini-flash-1.5,2025-02-15 23:57:46.397
658,MarieCurie_Facts,Свободно,Известные имена,известные имена,gemini-flash-1.5,2025-02-15 23:57:46.397
659,GenghisKhanBot,Занято,Известные имена,известные имена,gemini-flash-1.5,2025-02-15 23:57:46.397
660,DaVinciCodex,Занято,Известные имена,известные имена,gemini-flash-1.5,2025-02-15 23:57:46.397
661,DaVinciCode_bot,Занято,Известные имена,известные имена,gemini-flash-1.5,2025-02-15 23:57:46.397
662,MarieCurieBot,Занято,Известные имена,известные имена,gemini-flash-1.5,2025-02-15 23:57:46.397
665,EinsteinQuotesBot,Свободно,FamousNames,известные имен,gemini-flash-1.5,2025-02-15 23:57:46.397
666,MarieCurieSci,Свободно,FamousNames,известные имен,gemini-flash-1.5,2025-02-15 23:57:46.397
667,NewtonPhysics_bot,Занято,FamousNames,известные имен,gemini-flash-1.5,2025-02-15 23:57:46.397
669,EinsteinThinker,Свободно,Известные имена,известные имен,gemini-flash-1.5,2025-02-15 23:57:46.397
670,ObscurePhilosophers,Свободно,Малоизвестные философы,малоизвестные философы,gemini-flash-1.5,2025-02-15 23:57:46.397
671,ForgottenThinkers_bot,Свободно,Малоизвестные философы,малоизвестные философы,gemini-flash-1.5,2025-02-15 23:57:46.397
672,UnderappreciatedWisdom,Свободно,Малоизвестные философы,малоизвестные философы,gemini-flash-1.5,2025-02-15 23:57:46.397
673,Diogenes_Cynic,Занято,Философия,имена не самых известных философов,gemini-flash-1.5,2025-02-15 23:57:46.397
674,Heraclitus_Obscurus,Свободно,Философия,имена не самых известных философов,gemini-flash-1.5,2025-02-15 23:57:46.397
675,Zeno_of_Citium_bot,Занято,Философия,имена не самых известных философов,gemini-flash-1.5,2025-02-15 23:57:46.397
676,Al_Kindi_Philosopher,Свободно,Философия,имена не самых известных философов,gemini-flash-1.5,2025-02-15 23:57:46.397
677,Al_Farabi_Wisdom,Свободно,Философия,имена не самых известных философов,gemini-flash-1.5,2025-02-15 23:57:46.397
678,Premium_Accounts,Доступно для покупки,Продажа аккаунтов/имен,"придумай имена, которые вероятно выставлены на продажу",gemini-flash-1.5,2025-02-15 23:57:46.397
679,CryptoKing_Bot,Занято,Продажа аккаунтов/имен,"придумай имена, которые вероятно выставлены на продажу",gemini-flash-1.5,2025-02-15 23:57:46.397
680,InstaFameSeller,Свободно,Продажа аккаунтов/имен,"придумай имена, которые вероятно выставлены на продажу",gemini-flash-1.5,2025-02-15 23:57:46.397
681,EliteHandles4Sale,Свободно,Продажа аккаунтов/имен,"придумай имена, которые вероятно выставлены на продажу",gemini-flash-1.5,2025-02-15 23:57:46.397
682,TopTierNames,Свободно,Продажа аккаунтов/имен,"придумай имена, которые вероятно выставлены на продажу",gemini-flash-1.5,2025-02-15 23:57:46.397
683,PremiumStocks_bot,Свободно,Бизнес,"придумай имена, которые вероятно уже заняты и выставлены на продажу",gemini-flash-1.5,2025-02-15 23:57:46.397
684,CryptoKingInvest,Занято,Бизнес,"придумай имена, которые вероятно уже заняты и выставлены на продажу",gemini-flash-1.5,2025-02-15 23:57:46.397
685,RoyalTradeBot,Свободно,Бизнес,"придумай имена, которые вероятно уже заняты и выставлены на продажу",gemini-flash-1.5,2025-02-15 23:57:46.397
686,GlobalBizSolutions,Свободно,Бизнес,"придумай имена, которые вероятно уже заняты и выставлены на продажу",gemini-flash-1.5,2025-02-15 23:57:46.397
687,ArtMasterpiece_1920,Свободно,"Искусство, продающиеся аккаунты","придумай имена из мира искусства, которые вероятно уже заняты и выставлены на продажу",gemini-flash-1.5,2025-02-15 23:57:46.397
688,RembrandtStudioPro,Свободно,"Искусство, продающиеся аккаунты","придумай имена из мира искусства, которые вероятно уже заняты и выставлены на продажу",gemini-flash-1.5,2025-02-15 23:57:46.397
689,Monet_Impression88,Свободно,"Искусство, продающиеся аккаунты","придумай имена из мира искусства, которые вероятно уже заняты и выставлены на продажу",gemini-flash-1.5,2025-02-15 23:57:46.397
690,ArtMasterpiece_Auction,Свободно,"Искусство, выставленное на продажу","придумай телеграм-имена из мира искусства, которые вероятно уже заняты и выставлены на продажу",gemini-flash-1.5,2025-02-15 23:57:46.397
691,GoldenBrushGallery,Свободно,"Искусство, выставленное на продажу","придумай телеграм-имена из мира искусства, которые вероятно уже заняты и выставлены на продажу",gemini-flash-1.5,2025-02-15 23:57:46.397
692,VirtualMuse_Sales,Свободно,"Искусство, выставленное на продажу","придумай телеграм-имена из мира искусства, которые вероятно уже заняты и выставлены на продажу",gemini-flash-1.5,2025-02-15 23:57:46.397
693,TheBeatles_1962,Свободно,Музыкальные псевдонимы,"Имена известных музыкантов, которые скорее всего уже заняты",gemini-flash-1.5,2025-02-15 23:57:46.397
694,JimiHendrix_Experience,Свободно,Музыкальные псевдонимы,"Имена известных музыкантов, которые скорее всего уже заняты",gemini-flash-1.5,2025-02-15 23:57:46.397
695,Queen_Live85,Свободно,Музыкальные псевдонимы,"Имена известных музыкантов, которые скорее всего уже заняты",gemini-flash-1.5,2025-02-15 23:57:46.397
696,ObviousUser,Свободно,Очевидные юзернеймы,самые очевидные юзернеймы,gemini-flash-1.5,2025-02-15 23:57:46.397
697,SimpleName,Занято,Очевидные юзернеймы,самые очевидные юзернеймы,gemini-flash-1.5,2025-02-15 23:57:46.397
698,ClearIdentity,Свободно,Очевидные юзернеймы,самые очевидные юзернеймы,gemini-flash-1.5,2025-02-15 23:57:46.397
699,Straightforward,Доступно для покупки,Очевидные юзернеймы,самые очевидные юзернеймы,gemini-flash-1.5,2025-02-15 23:57:46.397
700,EasyUsername,Занято,Очевидные юзернеймы,самые очевидные юзернеймы,gemini-flash-1.5,2025-02-15 23:57:46.397
701,TelegramUser,Свободно,Очевидные юзернеймы,самые очевидные юзернеймы,gemini-flash-1.5,2025-02-15 23:57:46.397
702,MammaMia_Kitchen,Свободно,"Итальянская кухня, еда, восклицания",mammamia,gemini-flash-1.5,2025-02-15 23:57:46.397
703,MammaMia_Delizioso,Свободно,"Итальянская кухня, еда, восклицания",mammamia,gemini-flash-1.5,2025-02-15 23:57:46.397
704,MammaMia_CiaoBella,Свободно,"Итальянская кухня, еда, восклицания",mammamia,gemini-flash-1.5,2025-02-15 23:57:46.397
705,checkbywifi,Свободно,Пользовательская проверка,Ручная проверка,none,2025-02-15 23:57:46.397
706,Sunshine_Bot,Занято,"Музыка, солнце, позитив",here comes the sun,gemini-flash-1.5,2025-02-15 23:57:46.397
707,GoldenHourBot,Занято,"Музыка, солнце, позитив",here comes the sun,gemini-flash-1.5,2025-02-15 23:57:46.397
708,SolarFlare_Alerts,Свободно,"Музыка, солнце, позитив",here comes the sun,gemini-flash-1.5,2025-02-15 23:57:46.397
709,SunbeamMelodies,Свободно,"Музыка, солнце, позитив",here comes the sun,gemini-flash-1.5,2025-02-15 23:57:46.397
710,SunShineBot,Занято,"Музыка, солнце, позитив",here comes the sun,gemini-flash-1.5,2025-02-15 23:57:46.397
711,GoldenRay_Bot,Занято,"Музыка, солнце, позитив",here comes the sun,gemini-flash-1.5,2025-02-15 23:57:46.397
712,SunriseMelody,Занято,"Музыка, солнце, позитив",here comes the sun,gemini-flash-1.5,2025-02-15 23:57:46.397
713,Sunbeam_Bot,Занято,Позитивная музыкальная тематика,here comes the sun,gemini-flash-1.5,2025-02-15 23:57:46.397
714,HereComesTheSunShine,Свободно,Позитивная музыкальная тематика,here comes the sun,gemini-flash-1.5,2025-02-15 23:57:46.397
717,ConfigSuccess_123,Свободно,Удивление/Радость от успешной настройки,неужели всё настроено и работает!!,gemini-flash-1.5,2025-02-15 23:57:46.397
718,ItWorksFinally,Свободно,Удивление/Радость от успешной настройки,неужели всё настроено и работает!!,gemini-flash-1.5,2025-02-15 23:57:46.397
719,SetupIsComplete,Свободно,Удивление/Радость от успешной настройки,неужели всё настроено и работает!!,gemini-flash-1.5,2025-02-15 23:57:46.397
722,Tetragrammaton,Доступно для покупки,Пользовательская проверка,Ручная проверка,none,2025-02-16 03:28:34.692
726,MobileAuthHelper,Свободно,MobileVerification,Проверка с телефона,gemini-flash-1.5,2025-02-16 00:41:36.665
727,VerifyMyPhone,Свободно,MobileVerification,Проверка с телефона,gemini-flash-1.5,2025-02-16 00:41:45.189
728,Checkbycheck,Занято,Пользовательская проверка,Ручная проверка,none,2025-02-16 00:42:14.400
729,Username,Занято,Пользовательская проверка,Ручная проверка,none,2025-02-16 00:44:51.166
735,HiThereBot,Занято,Приветствие,привет,gemini-flash-1.5,2025-02-16 12:00:33.041
736,GreetingMachine,Свободно,Приветствие,привет,gemini-flash-1.5,2025-02-16 12:00:33.798
737,Welcome_Bot,Занято,Приветствие,привет,gemini-flash-1.5,2025-02-16 12:00:34.564
738,Welcomer123,Свободно,Приветствие,привет,gemini-flash-1.5,2025-02-16 12:00:36.924
739,RoadTripAdvisor,Свободно,"Путешествия, туризм",куда куда,gemini-flash-1.5,2025-02-16 12:35:30.674
740,WhereToGoNext,Доступно для покупки,"Путешествия, туризм",куда куда,gemini-flash-1.5,2025-02-16 12:35:39.515
741,WanderlustBot,Занято,"Путешествия, туризм",куда куда,gemini-flash-1.5,2025-02-16 12:35:41.553
742,ExploreTheWorld_Guide,Свободно,"Путешествия, туризм",куда куда,gemini-flash-1.5,2025-02-16 12:35:42.991
743,TravelBuddyApp,Свободно,"Путешествия, туризм",куда куда,gemini-flash-1.5,2025-02-16 12:35:48.265
744,ClientCentricNav_bot,Свободно,бизнес,"Бот, который навигирует по инструкции внедрения влиентоцентричности",gemini-flash-1.5,2025-02-16 18:19:55.545
745,FocusFlowBot,Занято,бизнес,"Бот, который навигирует по инструкции внедрения влиентоцентричности",gemini-flash-1.5,2025-02-16 18:19:55.957
746,CXJourneyGuidebot,Свободно,бизнес,"Бот, который навигирует по инструкции внедрения влиентоцентричности",gemini-flash-1.5,2025-02-16 18:19:56.768
747,ImplementCXbot,Свободно,бизнес,"Бот, который навигирует по инструкции внедрения влиентоцентричности",gemini-flash-1.5,2025-02-16 18:19:57.258
748,ClientNavBot,Свободно,Бизнес,"Бот, который навигирует по инструкции внедрения влиентоцентричности. Лаконично и коротко",gemini-flash-1.5,2025-02-16 18:20:36.585
749,InnerCircle_bot,Занято,Бизнес,"Бот, который навигирует по инструкции внедрения влиентоцентричности. Лаконично и коротко",gemini-flash-1.5,2025-02-16 18:20:38.442
751,UserCentricGuide,Свободно,Бизнес,"Бот, который навигирует по инструкции внедрения влиентоцентричности. Лаконично и коротко",gemini-flash-1.5,2025-02-16 18:20:45.208
753,CX_Guide_bot,Свободно,Бизнес,"Бот, который навигирует по инструкции внедрения влиентоцентричности. Лаконично и коротко",gemini-flash-1.5,2025-02-16 18:21:07.626
754,InnerFocusBot,Занято,Бизнес,"Бот, который навигирует по инструкции внедрения влиентоцентричности. Лаконично и коротко",gemini-flash-1.5,2025-02-16 18:21:08.100
755,UserCentricBot,Свободно,Бизнес,"Бот, который навигирует по инструкции внедрения влиентоцентричности. Лаконично и коротко",gemini-flash-1.5,2025-02-16 18:21:08.534
758,InnerCircleGuidebot,Свободно,Бизнес,"Бот, который навигирует по инструкции внедрения влиентоцентричности.",gemini-flash-1.5,2025-02-16 18:22:10.802
759,CXJourneyBot,Свободно,Бизнес,"Бот, который навигирует по инструкции внедрения влиентоцентричности.",gemini-flash-1.5,2025-02-16 18:22:11.387
760,ClientCentricBot,Свободно,Бизнес,"Бот, который знает всё о клиентоцентричности",gemini-flash-1.5,2025-02-16 18:25:40.902
761,CustomerFocus_bot,Свободно,Бизнес,"Бот, который знает всё о клиентоцентричности",gemini-flash-1.5,2025-02-16 18:25:42.421
762,OmniClientBot,Свободно,Бизнес,"Бот, который знает всё о клиентоцентричности",gemini-flash-1.5,2025-02-16 18:25:47.685
763,GovClientBot,Свободно,Госуправление и клиентоцентричность,"Бот, который знает всё о клиентоцентричности в госуправлении",gemini-flash-1.5,2025-02-16 18:26:33.803
764,CitizenFirst_bot,Свободно,Госуправление и клиентоцентричность,"Бот, который знает всё о клиентоцентричности в госуправлении",gemini-flash-1.5,2025-02-16 18:26:39.075
765,PublicServantBot,Занято,Госуправление и клиентоцентричность,"Бот, который знает всё о клиентоцентричности в госуправлении",gemini-flash-1.5,2025-02-16 18:26:40.488
766,ClientCentricGovBot,Свободно,Госуправление и клиентоцентричность,"Бот, который знает всё о клиентоцентричности в госуправлении",gemini-flash-1.5,2025-02-16 18:26:45.687
767,CatWhispers,Свободно,Коты,Котий,gemini-flash-1.5,2025-02-16 19:18:02.644
768,Purrfect_Pal,Свободно,Коты,Котий,gemini-flash-1.5,2025-02-16 19:18:04.785
769,CozyCatCorner,Свободно,Коты,Котий,gemini-flash-1.5,2025-02-16 19:18:09.976
770,Talkative_bot,Занято,Чат-бот с развивающим диалогом,"Телеграм бот, который не отвечает на твои вопросы, а сам разговаривает с тобой, развивая разговор, предлагая в конце своих реплик варианты ответа за пользователя. Таким образом можно развивать диалог ",gemini-flash-1.5,2025-02-16 22:45:41.260
771,ChattyBotty,Занято,Чат-бот с развивающим диалогом,"Телеграм бот, который не отвечает на твои вопросы, а сам разговаривает с тобой, развивая разговор, предлагая в конце своих реплик варианты ответа за пользователя. Таким образом можно развивать диалог ",gemini-flash-1.5,2025-02-16 22:45:42.749
772,DialogueFlow_bot,Занято,Чат-бот с развивающим диалогом,"Телеграм бот, который не отвечает на твои вопросы, а сам разговаривает с тобой, развивая разговор, предлагая в конце своих реплик варианты ответа за пользователя. Таким образом можно развивать диалог ",gemini-flash-1.5,2025-02-16 22:45:48.019
807,StartDialogBot,Свободно,Чат-бот,"Бот, который инициирует общение сам. Название на русском транслитом",gemini-flash-1.5,2025-02-17 13:12:49.916
773,ConversationalAIbot,Занято,Чат-бот с развивающим диалогом,"Телеграм бот, который не отвечает на твои вопросы, а сам разговаривает с тобой, развивая разговор, предлагая в конце своих реплик варианты ответа за пользователя. Таким образом можно развивать диалог ",gemini-flash-1.5,2025-02-16 22:45:53.343
774,UnpredictableChatbot,Свободно,Чат-бот с развивающим диалогом,"Телеграм бот, который не отвечает на твои вопросы, а сам разговаривает с тобой, развивая разговор, предлагая в конце своих реплик варианты ответа за пользователя. Таким образом можно развивать диалог ",gemini-flash-1.5,2025-02-16 22:45:54.804
775,Chatty_bot,Занято,Чат-бот,"Телеграм бот, который не отвечает на твои вопросы, а сам разговаривает с тобой, развивая разговор, предлагая в конце своих реплик варианты ответа за пользователя. Таким образом можно развивать диалог ",gemini-flash-1.5,2025-02-16 22:46:06.253
776,TalkativeBot,Занято,Чат-бот,"Телеграм бот, который не отвечает на твои вопросы, а сам разговаривает с тобой, развивая разговор, предлагая в конце своих реплик варианты ответа за пользователя. Таким образом можно развивать диалог ",gemini-flash-1.5,2025-02-16 22:46:12.072
777,Conversational_bot,Занято,Чат-бот,"Телеграм бот, который не отвечает на твои вопросы, а сам разговаривает с тобой, развивая разговор, предлагая в конце своих реплик варианты ответа за пользователя. Таким образом можно развивать диалог ",gemini-flash-1.5,2025-02-16 22:46:20.891
778,Dialogue_Initiator_bot,Свободно,Чат-бот,"Телеграм бот, который не отвечает на твои вопросы, а сам разговаривает с тобой, развивая разговор, предлагая в конце своих реплик варианты ответа за пользователя. Таким образом можно развивать диалог ",gemini-flash-1.5,2025-02-16 22:46:22.330
779,RandomRamblerBot,Свободно,Чат-бот,"Телеграм бот, который не отвечает на твои вопросы, а сам разговаривает с тобой, развивая разговор, предлагая в конце своих реплик варианты ответа за пользователя. Таким образом можно развивать диалог ",gemini-flash-1.5,2025-02-16 22:46:27.450
781,ChattyMcChatface_bot,Занято,Чат-бот,"Телеграм бот, который не отвечает на твои вопросы, а сам разговаривает с тобой, развивая разговор, предлагая в конце своих реплик варианты ответа за пользователя. Таким образом можно развивать диалог ",gemini-flash-1.5,2025-02-16 22:46:49.404
782,ConversationalAI_bot,Свободно,Чат-бот,"Телеграм бот, который не отвечает на твои вопросы, а сам разговаривает с тобой, развивая разговор, предлагая в конце своих реплик варианты ответа за пользователя. Таким образом можно развивать диалог ",gemini-flash-1.5,2025-02-16 22:46:54.733
783,DialogueStarterBot,Свободно,Чат-бот,"Телеграм бот, который не отвечает на твои вопросы, а сам разговаривает с тобой, развивая разговор, предлагая в конце своих реплик варианты ответа за пользователя. Таким образом можно развивать диалог ",gemini-flash-1.5,2025-02-16 22:46:56.189
784,UnpredictableBot,Занято,Чат-бот,"Телеграм бот, который не отвечает на твои вопросы, а сам разговаривает с тобой, развивая разговор, предлагая в конце своих реплик варианты ответа за пользователя. Таким образом можно развивать диалог ",gemini-flash-1.5,2025-02-16 22:46:57.649
790,SpeechTherapyHelper,Свободно,Логопедия,Логопедия,gemini-flash-1.5,2025-02-17 12:57:14.202
791,LogopedBot,Занято,Логопедия,Логопедия,gemini-flash-1.5,2025-02-17 12:57:16.328
792,Articulation_Pro,Свободно,Логопедия,Логопедия,gemini-flash-1.5,2025-02-17 12:57:24.895
793,LittleWords_Guru,Свободно,Логопедия,Логопедия,gemini-flash-1.5,2025-02-17 12:57:30.111
794,Logoped_Ru,Занято,Логопедия,Логопедия на русском языке,gemini-flash-1.5,2025-02-17 13:00:14.832
795,Rech_Therapy,Свободно,Логопедия,Логопедия на русском языке,gemini-flash-1.5,2025-02-17 13:00:15.373
796,Govorim_Pravilno,Занято,Логопедия,Логопедия на русском языке,gemini-flash-1.5,2025-02-17 13:00:15.816
797,SoundsRight_Help,Свободно,Логопедия,Логопедия на русском языке,gemini-flash-1.5,2025-02-17 13:00:16.461
798,LittleSpeech_Pro,Свободно,Логопедия,Логопедия на русском языке,gemini-flash-1.5,2025-02-17 13:00:16.913
799,Logoped_helper,Доступно для покупки,Логопедия,логопедия транслитом русские слова,gemini-flash-1.5,2025-02-17 13:02:22.651
800,Speech_Rus_Bot,Свободно,Логопедия,логопедия транслитом русские слова,gemini-flash-1.5,2025-02-17 13:02:24.316
801,RechTerapiyaBot,Свободно,Логопедия,логопедия транслитом русские слова,gemini-flash-1.5,2025-02-17 13:02:33.684
803,SpeechTherapyPro,Свободно,Логопедия,логопедия транслитом русские слова,gemini-flash-1.5,2025-02-17 13:03:08.212
804,RusskiySpeechBot,Свободно,Логопедия,логопедия транслитом русские слова,gemini-flash-1.5,2025-02-17 13:03:08.972
805,Rech_Development,Свободно,Логопедия,логопедия транслитом русские слова,gemini-flash-1.5,2025-02-17 13:03:09.543
806,ProaktivnyChat_bot,Свободно,Чат-бот,"Бот, который инициирует общение сам. Название на русском транслитом",gemini-flash-1.5,2025-02-17 13:12:44.541
808,Samogon_bot,Занято,Чат-бот,"Бот, который инициирует общение сам. Название на русском транслитом",gemini-flash-1.5,2025-02-17 13:12:55.357
809,InitiatorTalkBot,Свободно,Чат-бот,"Бот, который инициирует общение сам. Название на русском транслитом",gemini-flash-1.5,2025-02-17 13:12:56.801
810,checkmate,Занято,Пользовательская проверка,Ручная проверка,none,2025-02-17 21:37:58.999
811,SilkWormWhisperer,Свободно,Шелководство,шёлкопряды,gemini-flash-1.5,2025-02-18 09:03:33.267
812,SilkRoadSpinners,Свободно,Шелководство,шёлкопряды,gemini-flash-1.5,2025-02-18 09:03:42.857
813,CocoonCreators,Свободно,Шелководство,шёлкопряды,gemini-flash-1.5,2025-02-18 09:03:48.595
814,LostChronicles,Занято,Загадки и тайны истории,загадки и тайны истории,gemini-flash-1.5,2025-02-18 09:19:53.733
815,HiddenHistorian,Свободно,Загадки и тайны истории,загадки и тайны истории,gemini-flash-1.5,2025-02-18 09:19:55.280
816,EnigmaDecoder_1947,Свободно,Загадки и тайны истории,загадки и тайны истории,gemini-flash-1.5,2025-02-18 09:20:00.430
817,SecretArchives7,Свободно,Загадки и тайны истории,загадки и тайны истории,gemini-flash-1.5,2025-02-18 09:20:09.771
818,Historian_Enigma,Свободно,Загадки и тайны истории,загадки и тайны истории,gemini-flash-1.5,2025-02-18 09:20:58.340
819,LostEpochs_Chronicles,Свободно,Загадки и тайны истории,загадки и тайны истории,gemini-flash-1.5,2025-02-18 09:21:07.096
820,SecretArchives1920,Свободно,Загадки и тайны истории,загадки и тайны истории,gemini-flash-1.5,2025-02-18 09:21:12.935
821,MagicHatWizard,Свободно,MagicHats,волшебная шляпа,gemini-flash-1.5,2025-02-18 12:57:32.734
822,HatOfWonder,Свободно,MagicHats,волшебная шляпа,gemini-flash-1.5,2025-02-18 12:57:43.623
