"username","status","category","style"
InvestSmart,Доступно для покупки,Бизнес,strict
InvestPro,Доступно для покупки,Бизнес,strict
DealMaker,Продано,Бизнес,strict
ProfitNow,Доступно для покупки,Бизнес,strict
MarketWise,Доступно для покупки,Бизнес,strict
BizBot,Занято,Бизнес,strict
TradeFlow,Доступно для покупки,Бизнес,strict
SimpleJoy,Доступно для покупки,Стиль жизни,minimal
ZenLifeStyle,Занято,Стиль жизни,minimal
BrightVibes,Доступно для покупки,Стиль жизни,minimal
MindfulMoments,Занято,Стиль жизни,minimal
ZenithPeak,Занято,Minimalist,minimal
AetherFlow,Занято,Minimalist,minimal
StarryNight88,Занято,Minimalist,minimal
EmberGlow,Занято,Minimalist,minimal
SunKissed_Moments,Свободно,Minimalist,minimal
QuietStorm7,Занято,Minimalist,minimal
lunar_phase,Занято,Minimalist,minimal
clear_sky,Занято,Minimalist,minimal
shadow_dance,Занято,Minimalist,minimal
pixel_dust,Занято,Minimalist,minimal
aura_glow,Занято,Minimalist,minimal
sunbeam_22,Занято,Minimalist,minimal
ObsidianCore,Занято,Тёмная сторона,minimal
ShadowRealm,Занято,Тёмная сторона,minimal
Nightfall_bot,Занято,Тёмная сторона,minimal
Inkwell,Занято,Тёмная сторона,minimal
BlackMirror_bot,Занято,Тёмная сторона,minimal
DarkMatter,Доступно для покупки,Тёмная сторона,minimal
ObsidianTheme,Свободно,Темы:  Темный интерфейс/дизайн,minimal
NightVision,Доступно для покупки,Темы:  Темный интерфейс/дизайн,minimal
Dark_UI_helper,Свободно,Темы:  Темный интерфейс/дизайн,minimal
ShadowInterface,Доступно для покупки,Темы:  Темный интерфейс/дизайн,minimal
Black_UI,Занято,Темы:  Темный интерфейс/дизайн,minimal
DarkMode_bot,Занято,Темы:  Темный интерфейс/дизайн,minimal
Strategic_Growth_bot,Свободно,Бизнес,
Corp_Solutions,Свободно,Бизнес,
Fintech_Advisor,Занято,Бизнес,
Business_Intel_1,Свободно,Бизнес,
Global_Enterprise,Занято,Бизнес,
Corp_Metrics,Свободно,Бизнес,strict
Financial_Guard,Свободно,Бизнес,strict
Strategic_Growth,Занято,Бизнес,strict
InvestWisely_bot,Занято,Бизнес,strict
Market_Intel_1,Свободно,Бизнес,strict
StrictBiz_Advisor,Свободно,Бизнес,strict
FinTech_Solutions,Свободно,Бизнес,strict
Market_Analyst,Занято,Бизнес,strict
CorpAdmin_Bot,Занято,Бизнес,strict
GlobalTradePro,Доступно для покупки,Бизнес,strict
StrictBiz_1984,Свободно,Бизнес,strict
StatusUpdate,Доступно для покупки,Бизнес,minimal
ProgressBot,Занято,Бизнес,minimal
ProgressTracker,Доступно для покупки,Бизнес,minimal
SubmitStats,Свободно,Бизнес,funky
Report_Status_Bot,Занято,**Бизнес**,
RetroMem_Bot,Свободно,Воспоминания,funky
mem_keeper,Занято,Воспоминания,minimal
memoryLane,Доступно для покупки,Воспоминания,minimal
mem0ries,Доступно для покупки,Воспоминания,minimal
faded_echoes,Занято,Воспоминания,minimal
old_school_vibe,Занято,**Ностальгия**,
PeskyPigeon7,Свободно,Бесишь (Funky стиль),funky
Get_On_My_Nerves,Свободно,Бесят_все,
Annoy_o_matic,Свободно,Бесят_все,
yvawyva_bot,Свободно,"Тема: абстрактный набор символов, не несущий смысловой нагрузки",
yvawyaa_codes,Свободно,Категория темы: абстрактная/шуточная (не указывает на бота),
yva_yva_enig,Свободно,Зашифрованный текст,
sdsdfsdf_masterrace,Свободно,Cringe,cringe
sdsdfs,Доступно для покупки,**Нет явной связи с ботом**,
yvavyva_masterrace,Свободно,Cringe,cringe
yva_vyva_spambot,Свободно,Cringe,cringe
vaivai,Занято,Тема: абстрактная,
vaivaivai_generator,Свободно,Тема: абстрактная,
Vavava_Secrets,Свободно,**Загадки и тайны**,
timeline_slip,Свободно,ИсторияЗадержек,minimal
delayed_history,Свободно,ИсторияЗадержек,minimal
HistoryLagTracker,Свободно,История_задержек_бизнеса,
Business_Delay_Bot,Свободно,История_задержек_бизнеса,
TrackingHistory_247,Свободно,История_заказов,
Backlog_Monitor,Свободно,История_заказов,
shipment_delay_info,Свободно,Задержка_в_доставке,back_to_main_style_menu
late_shipment_tracker,Свободно,Задержка_в_доставке,back_to_main_style_menu
MyLifeIsLagging,Свободно,Задержки_в_жизни,cringe
EternalWaiting_bot,Свободно,Задержки_в_жизни,cringe
pending_requests_bot,Свободно,Задержки_и_проблемы,back_to_main_style_menu
delay_again_bot,Свободно,Задержки_и_проблемы,back_to_main_style_menu
Viloribo_Invest,Свободно,**Бизнес**,
Vilobazhdo_Trading,Свободно,**Бизнес**,
Process_Pause,Свободно,**Задержка обработки**,
Slow_Gen_Bot,Свободно,**Задержка обработки**,
FunkyFallFoliage,Свободно,Пропавшие листья,funky
Autumn_Ghost_Leaves,Свободно,Пропавшие листья,funky
Leaflet_Chronicles,Свободно,Опавшие листья (лирическая тема),
CrimsonAutumn,Занято,Опавшие листья (лирическая тема),
P4nd4_M4sterrace,Свободно,Cringe Панда,cringe
Panda_Butt_69,Свободно,Cringe Панда,cringe
FBAudienceGrowth,Свободно,Бизнес,
MarketReachAnalyst,Свободно,Бизнес,
ReportFlow,Свободно,Бизнес,minimal
Workflow_Bot,Занято,Бизнес,minimal
ReportCentral,Доступно для покупки,Бизнес,funky
BusinessReportsBot,Свободно,**Бизнес**,
MemoryLane88,Свободно,Воспоминания,funky
FlashbackFunk,Свободно,Воспоминания,funky
memorylane_bot,Занято,Воспоминания,minimal
reminisce_now,Свободно,Воспоминания,minimal
faded_moments,Свободно,Воспоминания,minimal
past_life,Доступно для покупки,Воспоминания,minimal
reminiscing_bot,Занято,Воспоминания,minimal
mem0rylane,Доступно для покупки,Воспоминания,minimal
nostalgia_trip_90s,Свободно,**Ностальгия**,
xxx_remembers,Свободно,**Ностальгия**,
Gr8t_Pest_Bot,Свободно,Бесишь (Funky стиль),funky
Irritator42,Свободно,Бесят_все,
Besisch_bot,Свободно,Бесят_все,
yvawyva_generator,Свободно,"Тема: абстрактный набор символов, не несущий смысловой нагрузки",
yvawyaa_fun,Свободно,Категория темы: абстрактная/шуточная (не указывает на бота),
sdsdfsdf_uwu,Свободно,Cringe,cringe
sdsdfsdf_data,Свободно,**Нет явной связи с ботом**,
vaivai_randomizer,Свободно,Тема: абстрактная,
vaivaivai_bot,Свободно,Тема: абстрактная,
Vavava_Riddle_Me_This,Свободно,**Загадки и тайны**,
Vavava_Mysteries,Свободно,**Загадки и тайны**,
backlog_tracker,Свободно,ИсторияЗадержек,minimal
past_due_bot,Свободно,ИсторияЗадержек,minimal
BizHistoryDelays,Свободно,История_задержек_бизнеса,
DelayedHistoryBusiness,Свободно,История_задержек_бизнеса,
Shipment_Status_Bot,Свободно,История_заказов,
OrderHistoryTracker,Свободно,История_заказов,
delayed_delivery_bot,Свободно,Задержка_в_доставке,back_to_main_style_menu
Procrastination_King,Свободно,Задержки_в_жизни,cringe
late_again_report,Свободно,Задержки_и_проблемы,back_to_main_style_menu
Vilobazhdo_Finance_bot,Свободно,**Бизнес**,
Pending_Tasks_bot,Занято,**Задержка обработки**,
DelayedResponse_bot,Свободно,**Задержка обработки**,
Crumbling_Autumn,Свободно,Пропавшие листья,funky
FallenLeavesFunk,Свободно,Пропавшие листья,funky
WhisperingLeaves,Доступно для покупки,Опавшие листья (лирическая тема),
FallenLeavesWhisper,Свободно,Опавшие листья (лирическая тема),
Bamboo_Bandit_bot,Свободно,Cringe Панда,cringe
FacebookReach_Bot,Свободно,Бизнес,
AdMetricsPro,Занято,Бизнес,
ReportBot,Занято,Бизнес,minimal
BusinessReports,Доступно для покупки,Бизнес,minimal
Report_Maestro,Свободно,Бизнес,funky
ReportBot_HQ,Свободно,**Бизнес**,
ProofBot,Занято,Проверка качества,minimal
TaskReport,Занято,Бизнес,minimal
WorkMetrics,Занято,Бизнес,minimal
Report_Bot,Занято,Бизнес,minimal
Tracking_Reports,Свободно,Бизнес,funky
DeliveryTracker_Pro,Свободно,**Бизнес**,
VibeCheckMemories,Свободно,Воспоминания,funky
reminiscence_bot,Занято,Воспоминания,minimal
old_photos,Доступно для покупки,Воспоминания,minimal
memory_keeper,Занято,Воспоминания,minimal
past_moments,Свободно,Воспоминания,minimal
eh_times_bot,Свободно,**Ностальгия**,
eh_moments,Свободно,**Ностальгия**,
Irrit8_Me_Not,Свободно,Бесишь (Funky стиль),funky
Pestilence_bot,Занято,Бесят_все,
yvawyva_random,Свободно,"Тема: абстрактный набор символов, не несущий смысловой нагрузки",
yva_yva_code,Свободно,Зашифрованный текст,
yva_yva_secret,Свободно,Зашифрованный текст,
yva_yva_yva_cipher,Свободно,Зашифрованный текст,
sdsdfsdf_420_life,Свободно,Cringe,cringe
sdsdfsdf_is_love,Свободно,Cringe,cringe
sdsdfsdf,Доступно для покупки,Cringe,cringe
sdsdfsdf_hub,Свободно,**Нет явной связи с ботом**,
sdsdfsdf_central,Свободно,**Нет явной связи с ботом**,
sdsdfsdf_helper,Свободно,**Нет явной связи с ботом**,
yvavyva_is_life,Свободно,Cringe,cringe
vai_vai_vai_helper,Свободно,Тема: абстрактная,
Vavava_Enigma,Свободно,**Загадки и тайны**,
history_lag,Свободно,ИсторияЗадержек,minimal
late_updates_bot,Свободно,ИсторияЗадержек,minimal
DelayedDeals_bot,Свободно,История_задержек_бизнеса,
HistoryDelays_bot,Свободно,История_заказов,
DelayedDeliveryBot,Свободно,История_заказов,
backlogged_orders_bot,Свободно,Задержка_в_доставке,back_to_main_style_menu
Delay_Master69,Свободно,Задержки_в_жизни,cringe
LateAgain_bot,Занято,Задержки_в_жизни,cringe
overdue_items_tracker,Свободно,Задержки_и_проблемы,back_to_main_style_menu
backlogged_tasks,Свободно,Задержки_и_проблемы,back_to_main_style_menu
Viloribo_Market_bot,Свободно,**Бизнес**,
Output_Lag,Свободно,**Задержка обработки**,
Generating_Delay,Свободно,**Задержка обработки**,
LostLeafLegends,Свободно,Пропавшие листья,funky
Leaf_Whisperer_Bot,Свободно,Пропавшие листья,funky
Golden_October,Свободно,Опавшие листья (лирическая тема),
AutumnLeaves_Diary,Свободно,Опавшие листья (лирическая тема),
uwuPandaKing,Свободно,Cringe Панда,cringe
SocialInsightsBot,Свободно,Бизнес,
FB_VolumeTracker,Свободно,Бизнес,
TimeFluid_bot,Свободно,Сюрреалистический_таймер,
VerityCheck,Свободно,Проверка качества,minimal
DreamyChronos,Свободно,Сюрреалистический_таймер,
Audit_Minimal,Свободно,Проверка качества,minimal
SurrealClock_bot,Свободно,Сюрреалистический_таймер,
HighStandardBot,Занято,**Качество**,minimal
GradeIt,Занято,**Качество**,minimal
StyleVerify,Свободно,**Качество**,minimal
QC_Pro,Занято,**Качество**,minimal
PixelForge_bot,Занято,**Генератор изображений**,
PicCreator5000,Свободно,**Генератор изображений**,
ImageGen_bot,Занято,**Генератор изображений**,
DeepDreamBot,Занято,**Генератор изображений**,
VisualSynth,Свободно,**Генератор изображений**,
ArtMakerPro,Свободно,**Генератор изображений**,
SystemPulse,Свободно,Тема: Мониторинг систем,funky
SysCheck_Vibes,Свободно,Тема: Мониторинг систем,funky
Uptime_Groove_bot,Свободно,Тема: Мониторинг систем,funky
Health_Check_Flow,Свободно,Тема: Мониторинг систем,funky
Status_Check_Funk,Свободно,Тема: Мониторинг систем,funky
EthicAdvisor,Свободно,ЭтикаБизнеса,
FairPractice_bot,Свободно,ЭтикаБизнеса,
BusinessEthicsGuide,Свободно,ЭтикаБизнеса,
EthicalBiz_bot,Свободно,ЭтикаБизнеса,
MoralCompassCorp,Свободно,ЭтикаБизнеса,
EthicsConsult,Свободно,ЭтикаБизнеса,
Ethical_Practices,Свободно,Этика бизнеса,
FairTradeBot,Занято,Этика бизнеса,
EthicoBusiness,Свободно,Этика бизнеса,
CorpEthicsAdvisor,Свободно,Этика бизнеса,
EthicalBizBot,Свободно,Этика бизнеса,
BusinessEthics_Guide,Свободно,Этика бизнеса,
Incredible_Truth,Свободно,**Невероятные факты**,
DidYouKnowThat,Доступно для покупки,**Невероятные факты**,
AmazingFacts4U,Свободно,**Невероятные факты**,
IsThatTrueBot,Занято,**Невероятные факты**,
Unbelievable_Facts,Занято,**Невероятные факты**,
Really_Now_Bot,Свободно,**Невероятные факты**,
ReachCheck,Свободно,Проверка связи,minimal
Ping_Monitor,Свободно,Проверка связи,minimal
SignalCheckBot,Занято,Проверка связи,minimal
LinkCheck_bot,Занято,Проверка связи,minimal
NetworkStatus_bot,Занято,Связь,minimal
PingCheck,Занято,Связь,minimal
SignalVerify,Свободно,Связь,minimal
ConnectionTest,Свободно,Связь,minimal
CheckLink_bot,Занято,Связь,minimal
LinkCheckBot,Занято,Связь,minimal
ghjdthef_cipher,Свободно,**Тема: Шифрование/Безопасность**,
ghjdthef_crypt,Свободно,**Тема: Шифрование/Безопасность**,
ghjdthef_secure,Свободно,**Тема: Шифрование/Безопасность**,
SenatusConsultum_bot,Свободно,Этические нормы,
RomanEthicsGuide,Свободно,Этические нормы,
MoresMajorum,Свободно,Этические нормы,
PietasEtIustitia,Свободно,Этические нормы,
RomanaVirtus,Свободно,Этические нормы,
MosMaiorum_bot,Свободно,Этические нормы,
CossackHeritage,Свободно,Степные казаки,minimal
Dali_TimeWarp,Свободно,Сюрреалистический_таймер,
WildSteppe_bot,Свободно,Степные казаки,minimal
quick_info,Занято,Просто любое,minimal
quick_access,Доступно для покупки,Просто любое,minimal
DaliTimeFlow,Свободно,Сюрреалистический_таймер,
FreeSteppe,Свободно,Степные казаки,minimal
easy_lookup,Свободно,Просто любое,minimal
MeltingClocks,Свободно,Сюрреалистический_таймер,
DonCossacks,Доступно для покупки,Степные казаки,minimal
easy_access,Занято,Просто любое,minimal
data_stream,Занято,Просто любое,minimal
BlueDatabaseBot,Свободно,Бот базы данных,minimal
CossackLife,Свободно,Степные казаки,minimal
SteppeCossack,Свободно,Степные казаки,minimal
Popular_Names_Bot,Свободно,Популярные имена,minimal
NameGen,Свободно,Популярные имена,minimal
TopNames,Занято,Популярные имена,minimal
Alex_Names,Свободно,Популярные имена,minimal
BestBabyNames,Свободно,PopularNames,
TopNames_bot,Свободно,PopularNames,
PopularNameBot,Свободно,PopularNames,
EasyHardLogic,Свободно,Математические головоломки,
MathBrainTeaser,Свободно,Математические головоломки,
Simplex_Puzzles,Свободно,Математические головоломки,
dfgdfg_stream,Свободно,Тема: абстрактная (нет явного указания на бота),
dfgdgf_hub,Свободно,Тема: абстрактная (нет явного указания на бота),
dfgdgf_data,Свободно,Тема: абстрактная (нет явного указания на бота),
CrossCheckInfo,Свободно,Проверка фактов,
CheckTheFacts,Занято,Проверка фактов,
Funky,Занято,Funky Vibes,funky
vapvap_rhythm_bot,Свободно,Funky Vibes,funky
VapVapVibes_77,Свободно,Funky Vibes,funky
vapvap_funkmaster,Свободно,Funky Vibes,funky
dfgdfgd,Доступно для покупки,Пользовательская проверка,None
ReliableSource,Доступно для покупки,**Проверка фактов**,
FactVerificationBot,Свободно,**Проверка фактов**,
RealityCheckPro,Свободно,**Проверка фактов**,
InfoValidator,Свободно,Проверка фактов,
why_two_bot,Свободно,Загадка_бота,minimal
two_not_three_bot,Свободно,Загадка_бота,minimal
gen2_query_bot,Свободно,Загадка_бота,minimal
RememberWhen_bot,Свободно,Ностальгия,
Back_to_the_past,Доступно для покупки,Ностальгия,
YesterdayOnceMore,Занято,Ностальгия,
WillItRepeat,Свободно,Ностальгия,
RememberWhen_2023,Свободно,Ностальгия,
BackToThePast_bot,Занято,Ностальгия,
DarkChoc_Shop,Свободно,Тема: Бизнес,minimal
SweetCocoa_LTD,Свободно,Тема: Бизнес,minimal
Choco_Treats,Свободно,Тема: Бизнес,minimal
SweetestChocolateTreats,Свободно,Кондитерская,choose_style
ChocolateHeaven_Shop,Свободно,Кондитерская,choose_style
Chocoholic_Delights,Свободно,Кондитерская,choose_style
RiddleMeOne,Свободно,Загадки,
TheOneClue,Свободно,Загадки,
OneQuestion_bot,Занято,Загадки,
SingleAnswerBot,Свободно,Загадки,
CheckMyMenu_bot,Свободно,Проверка меню (бот),choose_style
MenuCheck_bot,Свободно,Проверка меню (бот для ресторанов),choose_style
checksdf,Свободно,Пользовательская проверка,None
TruthVerifier,Свободно,Проверка фактов,
WowSoFast_Bot,Свободно,Удивление/Недоверие,choose_style
SoQuickNow,Свободно,Удивление/Недоверие,choose_style
data_point,Занято,Просто любое,minimal
useful_links,Доступно для покупки,Просто любое,minimal
daily_notes,Доступно для покупки,Просто любое,minimal
BlueElephant_db_bot,Свободно,Бот базы данных,minimal
MenuChecker_bot,Свободно,Проверка меню (бот),choose_style
RestaurantMenuBot,Занято,Проверка меню (бот для ресторанов),choose_style
TruthVerificationBot,Свободно,Проверка фактов,
QuickAsAFlash123,Свободно,Удивление/Недоверие,choose_style
Speedy_Surprise,Свободно,Удивление/Недоверие,choose_style
simple_data,Занято,Просто любое,minimal
BluePG_bot,Свободно,Бот базы данных,minimal
FoodMenuBot,Занято,Проверка меню (бот),choose_style
FoodMenuValidator_bot,Свободно,Проверка меню (бот для ресторанов),choose_style
VerifyThisInfo,Свободно,Проверка фактов,
Fast_Response_Bot,Занято,Удивление/Недоверие,choose_style
ApricotEars_bot,Свободно,Забавный персонаж,choose_style
UshastyApricotFun,Свободно,Забавный персонаж,choose_style
FluffyApricot,Свободно,Забавный персонаж,choose_style
TimestampGenerator,Свободно,Время генерации,
GenTimeBot01,Свободно,Время генерации,
DataCreationMark,Свободно,Время генерации данных,
GeneratedTime_stamp,Свободно,Время генерации данных,
TimeStamper_123,Свободно,Время генерации,
GeneratedTimeBot,Свободно,Время генерации,
TimeGenStamp_bot,Свободно,Время генерации,
Timestamper,Свободно,Время генерации,
GenTimeAssistant,Свободно,Время генерации,
Timestamp_Creator_bot,Свободно,Время генерации (бот),
GeneratedAtBot,Свободно,Время генерации (бот),
GenerateTimeNow,Свободно,Время генерации (бот),
TimestampBot,Занято,Время генерации (бот),
TimeGen_bot,Занято,Время генерации (бот),
SpiritGuide1923,Свободно,Мистический помощник,
HeritageScents_bot,Свободно,Мистический помощник,
AncestorWhispers,Свободно,Мистический помощник,
LegacyScents,Свободно,Мистика,
AncestorSpirits,Свободно,Мистика,
VerifyFacts_bot,Свободно,Проверка фактов,
WhispersOfThePast,Занято,Мистика,
HeritagePerfumes,Свободно,Мистика,
AncestralScents,Свободно,Мистика,
Lavender_Meow,Занято,Фиолетовые котики,minimal
Lavender_Paws,Свободно,Фиолетовые котики,minimal
VioletKitten,Занято,Фиолетовые котики,minimal
Lilac_Paws,Занято,Фиолетовые котики,minimal
PurpleCats,Занято,Фиолетовые котики,minimal
VioletKitties,Свободно,Фиолетовые котики,minimal
MyStable_bot,Занято,Конный спорт,
EquineStar,Свободно,Конный спорт,
MyStable_Life,Свободно,Конный спорт,
HorseRacingTips,Доступно для покупки,Конный спорт,
Equine_Star,Свободно,Конный спорт,
dfgsdgdfgdf,Свободно,Пользовательская проверка,None
ProjectZenith,Доступно для покупки,Бизнес,
WorkFlowMaster,Свободно,Бизнес,
BusinessActive,Доступно для покупки,Бизнес,
DailyGrindBot,Свободно,Бизнес,
WorkingHours_bot,Занято,Бизнес,
ProductivityBoost,Занято,Бизнес,
Working_Hard_Bot,Занято,Бизнес,
Bloodsucker_Legion,Свободно,Ужасы/фантастика,epic
Nightly_Swarm,Свободно,Ужасы/фантастика,epic
Mosquito_Nightmare,Свободно,Ужасы/фантастика,epic
Funny800Bucks,Свободно,Юмор,
EightHundredLaughs,Свободно,Юмор,
info_hub,Доступно для покупки,Просто любое,minimal
AzureElephantBot,Свободно,Бот базы данных,minimal
Joke800_bot,Свободно,Юмор,
JokesFor800,Свободно,Юмор/шутки,
EightHundredJokes,Свободно,Юмор/шутки,
Debug_Level_Please,Свободно,Юмор,
InfoLogKiller,Свободно,Юмор,
NoMoreInfoLogs,Свободно,Юмор,
HelpDesk_Support,Невозможно определить,Техническая поддержка,
FixItFast_bot,Невозможно определить,Техническая поддержка,
BrokenBot,Невозможно определить,Техническая поддержка,
TechHelp_Now,Невозможно определить,**Техническая поддержка**,
Tech_Rescue_101,Невозможно определить,**Техническая поддержка**,
Support_Bot_247,Невозможно определить,**Техническая поддержка**,
Broken_Fixer,Невозможно определить,**Техническая поддержка**,
QuickDash100,Невозможно определить,Быстрый спринт,
FastSprint_Bot,Невозможно определить,Быстрый спринт,
FastRunner123,Невозможно определить,Быстрый спринт,
QuickDash_bot,Невозможно определить,Быстрый спринт,
Sprint_Master,Невозможно определить,Быстрый спринт,
QuickSprint100,Невозможно определить,Быстрый спринт,
FastSprint_Pro,Невозможно определить,Быстрый спринт,
SprintBoost,Невозможно определить,Быстрый спринт,
ClayToBrick_Solutions,Невозможно определить,Бизнес,
BrickProductionBot,Невозможно определить,Бизнес,
BrickworksOnline,Невозможно определить,Бизнес,
ClayToBricks_bot,Невозможно определить,Бизнес,
BrickMaster_Corp,Невозможно определить,Бизнес,
FactoryBricksBot,Невозможно определить,Бизнес,
Brickworks_pro,Невозможно определить,Бизнес,
BrickMaster123,Невозможно определить,Бизнес,
Red_Cap_Spores,Свободно,**Мистический/шуточный**,
Lenin_Fungus_Bot,Свободно,**Мистический/шуточный**,
LeninMushroom_Mystic,Свободно,**Мистический/шуточный**,
InternetSpeedChecker,Свободно,Скорость интернета,
NetSpeedCheckBot,Занято,Скорость интернета,
SpeedTest_Helper,Свободно,Скорость интернета,
SpeedCheckBot,Занято,Скорость интернета,
NetSpeed_Tester,Свободно,Скорость интернета,
FastCheck_bot,Занято,Скорость интернета,
InternetSpeedTest,Занято,**Скорость интернета**,
MySpeedMeter,Свободно,**Скорость интернета**,
SpeedCheck_Bot,Занято,**Скорость интернета**,
letsdoit,Доступно для покупки,Пользовательская проверка,None
what_about_this,Занято,Пользовательская проверка,None
sdfs__dsf,Свободно,Пользовательская проверка,None
Checkmate_Prodigy,Свободно,Шахматы,
OceanBreezes_bot,Свободно,Морской прогноз,
MarineWeatherUpdates,Свободно,Морской прогноз,
SeaWindForecast,Свободно,Морской прогноз,
Joke500_bot,Свободно,Юмор,
FiftyShadesOfJokes,Свободно,Юмор,
JokesFor500,Свободно,Юмор,
FiveHundredJokes,Свободно,Юмор,
"300JokesBot",Свободно,Юмор,
Task_tracker,Доступно для покупки,Бизнес,minimal
StatBot,Занято,Бизнес,minimal
DataFlow_Bot,Занято,Бизнес,funky
SalesReportMonitor,Свободно,**Бизнес**,
ElephantDB_helper,Свободно,Бот базы данных,minimal
Joke_Master300,Свободно,Юмор,
JokesFor300,Занято,Юмор,
"300_Joke_Bot",Свободно,Юмор,
ThreeHundredLaughs,Свободно,Юмор,
checkdb,Занято,Пользовательская проверка,None
OhMyGosh_16Pancakes,Свободно,Юмор,funky
Sixteen_Flipping_Fun,Свободно,Юмор,funky
Pancake_Panic16,Свободно,Юмор,funky
eleven_solution,Свободно,Спасение,minimal
save11,Занято,Спасение,minimal
EleventhHour_fix,Свободно,Спасение,minimal
SafeHaven11,Занято,Спасение,minimal
Fix11,Доступно для покупки,Спасение,minimal
solution11,Занято,Спасение,minimal
eleven_save,Свободно,Спасение,minimal
fix11_bot,Занято,Спасение,minimal
retry_99,Свободно,Игры,minimal
almost_same_game,Свободно,Игры,minimal
"99_diff_bot",Свободно,Игры,minimal
ParallelWriteBot,Свободно,**Технологии**,
Record10SecDB,Свободно,**Технологии**,
TenSecParallel_bot,Свободно,**Технологии**,
rekord_98_fail_epic,Свободно,Спорт,cringe
mega_98_jump_bot,Свободно,Спорт,cringe
"9point8_rekord_bro",Свободно,Спорт,cringe
ApexPredatorRacing,Свободно,Гоночный болид,
NitroBeast_7,Свободно,Гоночный болид,
FastLap_Racer,Свободно,Гоночный болид,
twelve_seconds,Свободно,Таймер,minimal
fast_timer12,Свободно,**Таймер**,minimal
twelveseconds,Доступно для покупки,**Таймер**,minimal
"12sec_timer",Свободно,**Таймер**,minimal
VelocityTuning,Свободно,Тюнинг скорости,
Velocity_Tweaks,Свободно,Тюнинг скорости,
TurboCharger_Bot,Занято,Тюнинг скорости,
SpeedBoost_Pro,Свободно,Тюнинг скорости,
gen_speed_checker,Свободно,Скорость генерации,
speed_test_bot,Занято,Скорость генерации,
FastGen_Bot,Свободно,Скорость генерации,
GenSpeedChecker,Свободно,Скорость генерации,
Timer14SecondsBot,Свободно,Таймер,
"14SecCountdown",Свободно,Таймер,
FourteenSecondsTimer,Свободно,Таймер,
TenSecTimer,Свободно,**Скорость**,
QuickResponseBot,Занято,**Скорость**,
SpeedDemon10,Свободно,**Скорость**,
Fast10_sec,Свободно,**Скорость**,
SpeedDemon_007,Свободно,Транспорт,
FastLane_Bot,Занято,Скорость,
VelocityLife,Занято,Скорость,
SpeedDemon_1,Свободно,Скорость,
Velocity_Boost,Свободно,Скорость,
FastLaneLife,Занято,Скорость,
quickquickquick,Занято,Пользовательская проверка,None
fastfastfast,Доступно для покупки,Пользовательская проверка,None
Literary_Hunter,Свободно,Книжный червь,
Bookworm_Reads,Занято,Книжный червь,
Literary_Lover13,Свободно,Книжный червь,
Bookworm_92,Занято,Книжный червь,
Literary_Addict,Свободно,Книжный червь,
PageTurnerBot,Занято,Книжный червь,
Bookworm_Chronicles,Занято,Книжный червь,
Gridlock_Glitch,Свободно,Киберпанк,
NeoTokyo_Datastream,Свободно,Киберпанк,
Chrome_Runner,Свободно,Киберпанк,
Synaptic_Streams,Свободно,Образование,
QuantumLeap_17,Свободно,Образование,
Future_Edu_Nexus,Свободно,Образование,
Mysteria,Невозможно определить,Изящное прозвище,minimal
Minima,Продано,Изящное прозвище,minimal
Myriam_belle,Свободно,Изящное прозвище,minimal
MistyMelody,Занято,Изящное прозвище,minimal
M_Muse,Занято,Изящное прозвище,minimal
Midnight_Maelstrom,Свободно,Красивое прозвище,epic
Mystic_Magnus,Свободно,Красивое прозвище на М,epic
Midnight_Monarch,Занято,Красивое прозвище на М,epic
Majestic_Midas,Свободно,Красивое прозвище на М,epic
GreetingBot_01,Свободно,Приветственный бот,
Hello_WorldBot,Занято,Приветственный бот,
WorldGreeterBot,Свободно,Приветственный бот,
HelloWorld_Bot,Занято,Приветственный бот,
Hello_World_Helper_bot,Свободно,Приветственный бот,
Hello_World_Assistant,Свободно,Приветственный бот,
HelloWorldBot,Занято,Приветственный бот,
TinyTalkerJournal,Свободно,Детский дневник,
MyLittleOneSays,Свободно,Детский дневник,
BabyFirstWords_diary,Свободно,Детский дневник,
PeaceDove_7,Свободно,Мирное небо,
Unity_Now,Свободно,Мирное_сотрудничество,
GlobalHarmony,Доступно для покупки,Мирное_сотрудничество,
Peace_Maker,Занято,Мирное_сотрудничество,
Harmony_Bot,Занято,Мирное_сотрудничество,
WorldPeaceAdvocate,Доступно для покупки,Мирное_сотрудничество,
PeaceMaker_Global,Свободно,Мирное_сотрудничество,
World_Greeter_bot,Свободно,Приветственный бот,
WorldGreeter_bot,Свободно,Приветственный бот,
Hello_WorldBot1,Свободно,Приветственный бот,
HelloWorld_bot,Занято,Приветственный бот,
abstract_47,Свободно,Без темы,
digital_echoes,Занято,Без темы,
DigitalNomad123,Свободно,Без темы,
Abstract_Notion,Свободно,Без темы,
BusinessGrowth_Assistant,Свободно,бизнес,
Unseen_Spectre,Свободно,Без темы,
Market_Insights_Pro,Свободно,бизнес,
AbstractNotion17,Свободно,Без темы,
Profit_Growth_99,Свободно,бизнес,
Unrelated_Data,Свободно,Без темы,
SmartBizBot,Занято,бизнес,
Business_Assistant,Занято,бизнес,
RandomUser42,Занято,Без темы,
Abstract_Notion_9,Свободно,Без темы,
Random_User42,Занято,Без темы,
Abstract_Notion_42,Свободно,Без темы,
RandomDataFlow_123,Свободно,Без темы,
"42_abstract_thoughts",Свободно,Без темы,
unremarkable_being,Свободно,Без темы,
random_user123,Занято,Без темы,
WorkHardPlayHarder123,Свободно,Работа с юмором,
HappyProductivity_bot,Свободно,Работа с юмором,
FunWorkFlow,Свободно,Работа с юмором,
Abstract_Noise_47,Свободно,Без темы,
Unrelated_Data_Stream,Свободно,Без темы,
Random_User123,Занято,Без темы,
AbstractNotion47,Свободно,Без темы,
RandomUser_123,Занято,Без темы,
The_Bean_Show,Свободно,**Комедия**,
MisterBean_Jokes,Свободно,**Комедия**,
Bean_ComedyBot,Свободно,**Комедия**,
MrBean_Fun,Доступно для покупки,**Комедия**,
Tibi_Doh_Laughs,Свободно,**Развлечения**,
TibidohGames_bot,Свободно,**Развлечения**,
TibidohFun,Свободно,**Развлечения**,
Imaginarium_Maker,Свободно,Генератор изображений,funky
ArtGenFunky,Свободно,Генератор изображений,funky
PixelPusher_bot,Свободно,Генератор изображений,funky
Lux_Carriage,Свободно,Бизнес,minimal
EliteConvoy,Свободно,Бизнес,minimal
CortegeBusiness,Свободно,Бизнес,minimal
Sherlock_Clues,Свободно,Загадки доктора Шерлока,strict
Deduction_Bot,Занято,Загадки доктора Шерлока,strict
CaseFiles_221B,Свободно,Загадки доктора Шерлока,strict
SherlockHolmes_Enigma,Свободно,Загадки доктора Шерлока,strict
FactVerifyBot,Свободно,Проверка качества,strict
VerifyAccuracy,Свободно,Проверка качества,strict
QualityCheck_bot,Занято,Проверка качества,strict
Verification_Pro,Доступно для покупки,Проверка качества,strict
QualityControl1,Доступно для покупки,Проверка качества,strict
Repeat_The_Glory,Свободно,Тема: Повторение важных событий,epic
Encore_Chronicles,Свободно,Тема: Повторение важных событий,epic
Rewind_Epic,Свободно,Тема: Повторение важных событий,epic
StrictCheck_123,Свободно,Проверка документов,strict
Doc_Verification_Bot,Свободно,Проверка документов,strict
AuditControl123,Свободно,Проверка документов,strict
DocVerify_bot,Занято,Проверка документов,strict
CringePatrol_bot,Свободно,Проверка кринжа,cringe
cringe_o_meter_420,Свободно,Проверка кринжа,cringe
cringe_inspector_bot,Свободно,Проверка кринжа,cringe
CringePatrol,Занято,Проверка кринжа,cringe
CrocoMoonShine_420,Свободно,Cringe,cringe
LunarLizardLord69,Свободно,Cringe,cringe
Moon_Croc_Gangsta_bot,Свободно,Cringe,cringe
MysteryBulvinkle,Свободно,Загадки,
TheBulvinkleEnigma,Свободно,Загадки,
Bulvinkle_Riddles,Свободно,Загадки,
Style_Algorithm,Свободно,Шмотки,strict
Apparel_Curator,Свободно,Шмотки,strict
ClothierBot,Свободно,Шмотки,strict
BunnyHop,Свободно,Игры,minimal
SpeedyHare,Свободно,Игры,minimal
ZipZapBunny,Свободно,Игры,minimal
BunnyHop_bot,Занято,Игры,minimal
RetroPixelRumble,Свободно,Инди-игры,funky
IndieGameGroove,Свободно,Инди-игры,funky
PixelPusher_77,Свободно,Инди-игры,funky
VerifyNow,Занято,Проверка фактов,minimal
TruthSeeker,Занято,Проверка фактов,minimal
aprapratime,Свободно,Апрапра (бота нет),minimal
prapra_bot,Занято,Апрапра (бота нет),minimal
a_pra_pra,Свободно,Апрапра (бота нет),minimal
apra_pra,Свободно,Апрапра (бота нет),minimal
vapour_synth,Свободно,Музыка,minimal
wave_vap_bot,Свободно,Музыка,minimal
vap_wave_beats,Свободно,Музыка,minimal
Verify_Info,Свободно,Проверка фактов,
task_maestro,Свободно,** Производительность/Тайм-менеджмент**,minimal
local_focus,Занято,** Производительность/Тайм-менеджмент**,minimal
RemoteAssist,Доступно для покупки,** IT-помощь**,minimal
TechHelperBot,Занято,** IT-помощь**,minimal
LocalSupport_bot,Занято,** IT-помощь**,minimal
NearSource_helper,Свободно,**  IT/Программирование**,minimal
CodeLocal,Свободно,**  IT/Программирование**,minimal
LocalDev_bot,Занято,**  IT/Программирование**,minimal
AnthemChronicles,Свободно,Любимые песни,epic
MyAudioAlchemist,Свободно,Любимые песни,epic
MelodyMaster_bot,Занято,Любимые песни,epic
EpicSoundtracks,Занято,Любимые песни,epic
LegendaryTunes,Занято,Любимые песни,epic
MyMusicalJourney,Доступно для покупки,Любимые песни,epic
EpicSoundtrack_Bot,Свободно,Любимые песни,epic
random_user_123,Занято,Без темы,
MyMusicVault,Свободно,Любимые песни,
TopTuneBot,Занято,Любимые песни,
MelodyMemories,Доступно для покупки,Любимые песни,
TopTune_bot,Свободно,Любимые песни,
SongSuggester,Свободно,Любимые песни,
MyMusicPlaylist,Доступно для покупки,Любимые песни,
AncientSecretsHunter,Свободно,Загадки истории,
LostChaptersBot,Свободно,Загадки истории,
HistoryEnigma_bot,Свободно,Загадки истории,
ExclusiveStyleFinds,Свободно,Неизвестно,
PremiumGoods_bot,Занято,Неизвестно,
Elite_StyleDeals,Свободно,Неизвестно,
LuxuryFinds_bot,Свободно,Неизвестно,
BrandedGoodsAdvisor,Свободно,Неизвестно,
AuthenticStyle_bot,Свободно,Неизвестно,
BrandNameHunter,Свободно,Неизвестно,
LuxuryHosiery_bot,Свободно,Тема: продажа товаров,
SilkyLegsBoutique,Свободно,Тема: продажа товаров,
SilkStockingsShop,Свободно,Тема: продажа товаров,
RatingClassifier,Свободно,проверка соответствия категориям/классификация,
VerifyClass,Свободно,проверка соответствия категориям/классификация,
CategoryChecker_bot,Свободно,проверка соответствия категориям/классификация,
DataClassChecker,Свободно,Категория: проверка данных на соответствие категории,strict
CategoryValidator_bot,Свободно,Категория: проверка данных на соответствие категории,strict
ProductClassificationBot,Занято,Неизвестно,strict
StrictCategoryCheck,Свободно,Неизвестно,strict
CheckCat,Свободно,**Категория: Модерация контента**,minimal
ModCheckBot,Свободно,**Категория: Модерация контента**,minimal
ContentVerify,Свободно,**Категория: Модерация контента**,minimal
CheckCat_bot,Занято,**Категория: Модерация контента**,minimal
FunkySuccess7,Свободно,Тема:  Позитивный результат/достижение,funky
NiceOne_bot,Занято,Тема:  Позитивный результат/достижение,funky
FunkyResult88,Свободно,**Категория: общая**,funky
NiceTry_bot,Занято,**Категория: общая**,funky
GroovyOutcome,Свободно,**Категория: общая**,funky
LegendaryNudeBot,Свободно,Тема: генератор дикпиков (эпический стиль),epic
Royal_Cock_Creator,Свободно,Тема: генератор дикпиков (эпический стиль),epic
EpicDickPicGenerator_bot,Свободно,Тема: генератор дикпиков (эпический стиль),epic
PinkFluffyGoose_bot,Свободно,Cringe Pink Geese Bot:,cringe
FluffyPinkButt_420,Свободно,Неизвестно,cringe
MyLittlePinkGeese_bot,Свободно,Неизвестно,cringe
Cringe,Продано,Неизвестно,cringe
Data10,Занято,**Категория: Технологии**,
Tech4u,Доступно для покупки,**Категория: Технологии**,
CodeX_bot,Занято,**Категория: Технологии**,
PlayTime,Занято,**Категория: игры**,
Game4fun,Доступно для покупки,**Категория: игры**,
aGame_1,Свободно,**Категория: игры**,
PrecisionCheck,Свободно,"**Безопасность:** SecureCheck_bot,  VerificationGuard,  Auth_Control123",
AssuranceCheck,Свободно,"**Безопасность:** CheckPoint_Secure, SecurityValidator,  Verification_Bot",
ProductInspector,Свободно,"**Безопасность:** CheckPoint_Secure, SecurityValidator,  Verification_Bot",
TruthSerum_bot,Свободно,**Проверка (общая)**,funky
FactCheck_Flow,Свободно,**Проверка (общая)**,funky
VerifyVibes,Занято,**Проверка (функциональная)**,funky
FactFinder_bot,Занято,**Проверка (функциональная)**,funky
Check_it_quick,Свободно,**Проверка (функциональная)**,funky
verify4_bot,Свободно,**Категория: Проверка данных (бот)**,minimal
check_data_bot,Занято,**Категория: Проверка данных (бот)**,minimal
verify_4_bot,Занято,**Проверка качества (QA/тестирование)**,minimal
qatest4,Свободно,**Проверка качества (QA/тестирование)**,minimal
check_four_bot,Свободно,**Проверка качества (QA/тестирование)**,minimal
AuditControl,Свободно,**Категория: Безопасность**,None
SecureValidator,Свободно,**Категория: Безопасность**,None
Precision_Verify,Свободно,"**Безопасность:**  Verify_Gate, SecureCheck_bot, AuthControl",None
FactCheckPro,Занято,"**Безопасность:**  Verify_Gate, SecureCheck_bot, AuthControl",None
**Качество:** QualityControlBot,Невозможно определить,"**Безопасность:**  Verify_Gate, SecureCheck_bot, AuthControl",None
SecureVerify_bot,Занято,**Категория: Безопасность**,None
CheckAuth,Свободно,**Категория: Безопасность**,None
Auth_Guard,Свободно,**Категория: Безопасность**,None
AuthControl,Занято,**Категория: Безопасность**,None
SecureVerify,Доступно для покупки,**Категория: Безопасность**,None
CheckPoint_bot,Занято,**Категория: Безопасность**,None
CheckFacts_bot,Свободно,**Категория: проверка фактов (бота)**,None
Fake,Свободно,**Тема: Проверка (cringe)**,None
IsItSafe_4u_bro,Свободно,**Тема: Проверка (cringe)**,None
WorkFlow_bot,Занято,Бизнес,minimal
DataSummary,Свободно,Бизнес,minimal
TaskBot,Занято,Бизнес,minimal
ReportNinja_bot,Занято,Бизнес,funky
ReportConfirmation_Bot,Свободно,**Бизнес**,
PostgreSqlBlueBot,Свободно,Бот базы данных,minimal
checksoulmate,Свободно,Пользовательская проверка,None
lovemetenger,Свободно,Пользовательская проверка,None
PinkFeathersSecrets,Свободно,Загадки розовых фламинго,None
Flamingo_RiddleMaster,Свободно,Загадки розовых фламинго,None
PinkFlamingoEnigma,Свободно,Загадки розовых фламинго,None
DB_Audit123,Свободно,Database_Verification,None
BaseVerifier_Bot,Свободно,Database_Verification,None
DataCheckerPro,Свободно,Database_Verification,None
DeepSea,Занято,Разное,None
SunGod,Занято,Разное,None
CoolCat,Занято,Разное,None
Chrono,Доступно для покупки,Разное,None
Mystic,Занято,Разное,None
Codex,Свободно,Разное,None
A7X_Z,Свободно,Разное,None
m3rry,Занято,Разное,None
_pL4t,Свободно,Разное,None
zX1y2,Свободно,Разное,None
MidnightDesireCo,Свободно,Товары для взрослых,None
RetroAutoClub,Свободно,Ретро-автомобили,None
PleasureParadiseStore,Свободно,Товары для взрослых,None
IntimateDelights100,Свободно,Товары для взрослых,None
SecretPleasuresShop,Свободно,Товары для взрослых,None
MidnightDesireEmporium,Свободно,магазин фаллоимитаторов,None
SecretSensations_Store,Свободно,магазин фаллоимитаторов,None
IntimateDelightsShop,Свободно,магазин фаллоимитаторов,None
PleasurePalace,Занято,магазин фаллоимитаторов,None
MidnightWhisper,Свободно,Интимные игрушки,None
InnerDesire,Занято,Интимные игрушки,None
SecretBliss,Свободно,Интимные игрушки,None
ForbiddenPleasure,Свободно,Игрушка для взрослых,None
MidnightDesire,Занято,Игрушка для взрослых,None
VelvetTouch,Занято,Игрушка для взрослых,None
InnerBliss,Доступно для покупки,Игрушка для взрослых,None
SecretWhisper,Доступно для покупки,Игрушка для взрослых,None
BlissfulTouch,Свободно,Сексуальные игрушки,None
SecretBliss_Garden,Свободно,Игрушка для взрослых,None
VelvetWhisper,Доступно для покупки,Игрушка для взрослых,None
ClassicZhiguli,Свободно,Автомобили,None
VAZ_enthusiast,Свободно,Автомобили,None
LadaLegendClub,Свободно,Автомобили,None
Zaporozhets_FanClub,Свободно,Поклонники ЗАЗ-96. Это запорожец,None
Zaporo,Доступно для покупки,Запорожец_фанаты,None
LittleZap_Fan,Свободно,Запорожец_фанаты,None
ZAZ968_Club,Занято,Запорожец_фанаты,None
Zaporozhets_Love,Свободно,Запорожец_фанаты,None
Volga_Ten_Fans,Свободно,ГАЗ2110 фанаты,None
GAZ2110_Club,Свободно,ГАЗ2110 фанаты,None
CuddlyDonutCo,Свободно,Плюшевые пончики,None
PlushDonutDelight,Свободно,Плюшевые пончики,None
FluffyDonutsShop,Свободно,Плюшевые пончики,None
DaVinci,Доступно для покупки,Неизвестно,None
Picasso,Занято,Неизвестно,None
LeonardoDaVinci,Продано,Неизвестно,None
VanGogh,Занято,Неизвестно,None
Caravaggio,Доступно для покупки,Неизвестно,None
Raphael,Занято,Неизвестно,None
Rembrandt,Занято,Неизвестно,None
DaVinci_Master,Свободно,Неизвестно,None
RembrandtVision,Свободно,Неизвестно,None
DaVinci_Codex,Свободно,Неизвестно,None
MichelangeloMaster,Свободно,Неизвестно,None
HappyPawsPlace,Свободно,Неизвестно,None
PetParadiseShop,Свободно,Неизвестно,None
AlgoOptimizer_bot,Свободно,Неизвестно,None
unspecified_account,Свободно,Без темы,
TokenCrunch_bot,Свободно,Неизвестно,None
FifteenTokenBot,Свободно,Неизвестно,None
CompressionWizard,Свободно,Неизвестно,None
TokenCompressor_bot,Свободно,Неизвестно,None
FifteenTokenMystery,Свободно,Неизвестно,None
CompressionCurious,Свободно,Неизвестно,None
TokenCompressor15,Свободно,Неизвестно,None
OceanData_Logger,Свободно,Неизвестно,None
API_Seafarer_bot,Свободно,Неизвестно,None
TokenLog_Voyager,Свободно,Неизвестно,None
Ocean_Response_Logger,Свободно,Неизвестно,None
Logbook_Voyager,Свободно,Неизвестно,None
ThirtyThreeTokens,Свободно,Неизвестно,None
TokenCounter_bot,Свободно,Неизвестно,None
Token_Generator33,Свободно,Неизвестно,None
_token_auditor_,Свободно,Неизвестно,None
Michelangelo,Продано,Неизвестно,None
VerifyBot100,Свободно,Неизвестно,None
TokenChecker100,Свободно,Неизвестно,None
Verify15Tokens,Свободно,Неизвестно,None
TokenChecker15,Свободно,Неизвестно,None
Recipe_,Свободно,Неизвестно,None
TripleToken,Занято,Неизвестно,None
TokenCheck3_Master,Свободно,Неизвестно,None
Triple,Продано,Неизвестно,None
BorschtBotRecipe,Свободно,Неизвестно,None
TokenVerifier3,Свободно,Неизвестно,None
Token3Checker,Свободно,Неизвестно,None
Token3Bors,Свободно,Неизвестно,None
BorschtRecipeChecker,Свободно,Неизвестно,None
Recipe,Продано,Неизвестно,None
BorschtBot,Занято,Неизвестно,None
Text_,Свободно,Неизвестно,None
Michelangelo_Genius,Свободно,Неизвестно,None
TripleTokenGen,Свободно,Неизвестно,None
TokenChecker3,Свободно,Неизвестно,None
Gen10Tokens,Свободно,Неизвестно,None
GenText_Bot,Занято,Неизвестно,None
GenText10Tokens,Свободно,Неизвестно,None
TokenChecker10,Свободно,Неизвестно,None
TokenChecker4,Свободно,Неизвестно,None
TokenChecker,Доступно для покупки,Неизвестно,None
TokenVerifier,Свободно,Неизвестно,None
Tropa_ShopBot,Свободно,Неизвестно,None
LongJourneyShop,Свободно,Неизвестно,None
EcstasyWave,Свободно,Неизвестно,None
TriumphantRoar,Свободно,Неизвестно,None
Jubilation_Echo,Свободно,Неизвестно,None
Suka_Vibes,Свободно,Неизвестно,None
Suka_Is_Queen,Свободно,Неизвестно,None
MadSuka,Свободно,Неизвестно,None
SkyfallPioneer,Свободно,Неизвестно,None
HoleDiver_1,Свободно,Неизвестно,None
FirstHoleFlyer,Свободно,Неизвестно,None
NewHairGrowth_bot,Свободно,Неизвестно,None
FollicleFriendBot,Свободно,Неизвестно,None
HairTransplantBot,Свободно,Неизвестно,None
UltimateSportShop,Свободно,Неизвестно,None
TopFitnessGear,Занято,Неизвестно,None
ActiveZoneStore,Занято,Неизвестно,None
FitLifeShop,Свободно,Неизвестно,None
ActiveLifeStore,Свободно,Неизвестно,None
FitnessHub247,Свободно,Неизвестно,None
SportGearPro,Свободно,Неизвестно,None
Betrayal_Ecstasy,Свободно,Неизвестно,None
Judas_Triumph,Свободно,Неизвестно,None
Judas_Jubilation,Свободно,Неизвестно,None
Jubilation_Bot,Занято,Неизвестно,None
Ecstatic_Celebration,Свободно,Неизвестно,None
Triumphant_Joy,Свободно,Неизвестно,None
PingPongBot,Занято,Связь_тест,
ConnectivityCheck,Свободно,Связь_тест,
LinkTester123,Занято,Связь_тест,
Network_Status_bot,Занято,Связь_тест,
Connectivity,Доступно для покупки,**Связь_мониторинг**,
Link_Status_bot,Занято,**Связь_мониторинг**,
OnlineCheck_123,Свободно,**Связь_мониторинг**,
NetPing_Monitor,Свободно,**Связь_мониторинг**,
Network_Pulse_bot,Занято,**Связь_мониторинг**,
Connection_Checker_bot,Занято,**Связь_мониторинг**,
AsphaltAce,Занято,Гонщик,
RacingGhost,Занято,Гонщик,
RacingAce,Занято,Гонщик,
SpeedyGonzales_bot,Занято,Гонщик,
NitroRush,Занято,Гонщик,
SpeedDemon_bot,Занято,Гонщик,
RacingLegend,Свободно,Гонщик,
FastLaneDriver,Занято,Гонщик,
AsphaltKing,Свободно,Гонщик,
SpeedyRacer,Занято,Гонщик,
cheCKSum,Доступно для покупки,Пользовательская проверка,None
Capitalist_Dreams,Свободно,**Тема: Бизнес**,cringe
GrindNeverStops,Занято,**Тема: Бизнес**,cringe
MoneyMakingMachine_bot,Занято,**Тема: Бизнес**,cringe
Workaholic_4Life,Свободно,**Тема: Бизнес**,cringe
BusyBee_Corp,Свободно,**Бизнес**,cringe
Im_So_Productive_lol,Свободно,**Бизнес**,cringe
MoneyMakesMeHappy,Занято,**Бизнес**,cringe
BusinessBot,Занято,**Бизнес**,minimal
TaskMaster_bot,Занято,**Бизнес**,minimal
InMeeting,Занято,**Бизнес**,minimal
ProjectFlow,Занято,**Бизнес**,minimal
WorkModeOn,Занято,**Бизнес**,minimal
Busy_Now,Занято,**Бизнес**,minimal
BusinessHours,Доступно для покупки,**Бизнес**,minimal
IsWorking,Занято,**Бизнес**,minimal
WorkStatus_bot,Занято,**Бизнес**,minimal
TaskManagerBot,Занято,**Бизнес**,minimal
OnDuty_bot,Занято,**Бизнес**,minimal
Busy_now,Занято,**Бизнес**,minimal
WaitingGame,Занято,Задержки,minimal
PendingTask,Занято,Задержки,minimal
LongWaitBot,Свободно,Задержки,minimal
WhySoLong,Занято,Задержки,minimal
SlowProcess,Занято,**Задержки**,minimal
PendingTasks,Свободно,**Задержки**,minimal
TimeLag,Занято,**Задержки**,minimal
LongWait,Занято,**Задержки**,minimal
StillWaiting,Занято,**Задержки**,minimal
Delayed_Response,Свободно,**Задержки**,minimal
ProofVerifier,Свободно,Проверка фактов,
FactValidation,Свободно,Проверка фактов,
VerifyFacts,Занято,Проверка фактов,
ProofChecker,Занято,Проверка фактов,
FactValidator,Свободно,Проверка фактов,
VerifyInfo,Свободно,Проверка фактов,
amvera_uptime_monitor,Свободно,Проверка скорости и работоспособности на amvera,
check_amvera_status,Свободно,Проверка скорости и работоспособности на amvera,
amvera_speedtest_bot,Свободно,Проверка скорости и работоспособности на amvera,
Lenin_ArmoredCar,Свободно,История,
LeninOnWheels_1917,Свободно,История,
OctoberRevolutionBot,Свободно,История,
TimeCheck_Service,Свободно,**Время как сервис**,
Clockwork_Time,Свободно,**Время - универсальный инструмент**,
UniversalTimeBot,Свободно,**Время - универсальный инструмент**,
CurrentTimeBot,Занято,**Время и дата**,
TimeLord123,Занято,**Время**,
WhatsTheTimeNow,Занято,**Время**,
GetItDoneNow,Доступно для покупки,**Тема:  Повышение продуктивности**,
SpeedDemon_123,Свободно,**Тема:  Повышение продуктивности**,
Hurry_Up_Bot,Занято,**Тема:  Повышение продуктивности**,
VerifyInfo_bot,Свободно,Проверка фактов,
FactCheckBot,Занято,Проверка фактов,
Truth_Verification,Свободно,Проверка фактов,
VerifyThis_bot,Занято,Проверка фактов,
FactCheckerBot,Занято,Проверка фактов,
checksum,Доступно для покупки,Пользовательская проверка,None
ScarecrowAssistant,Свободно,Тема:  Помощник по миру Оз,
EmeraldCityGuide_bot,Свободно,Тема:  Помощник по миру Оз,
OzWizardHelper,Свободно,Тема:  Помощник по миру Оз,
Genas_Swamp_Updates_bot,Свободно,Крокодил Гена - информационный бот,strict
CrocodileGenaNews,Свободно,Крокодил Гена - информационный бот,strict
Gena_Crocodile_Info_bot,Свободно,Крокодил Гена - информационный бот,strict
kitty_bot_1,Свободно,Коты и роботы,
meow_bot_01,Свободно,Тема: Коты и боты,
kit_n_bot,Свободно,Тема: Коты и боты,
robo_kot_assistant,Свободно,Коты и роботы,
kitty_bot_2,Свободно,Коты и роботы,
kot_the_bot,Занято,Коты и роботы,
KittyBotBusiness,Свободно,Бизнес,
KotiBotFinance_bot,Свободно,Бизнес,
CatIBot_Assistant,Свободно,Бизнес,
Kitten_Support_bot,Свободно,Бот-помощник,
Purr_bot_Assistant,Свободно,Бот-помощник,
Purrfect_Assistant_bot,Свободно,Кошачий бот-помощник,
CatBotHelper,Свободно,Кошачий бот-помощник,
CheburashkaAndCo_bot,Свободно,Бизнес,
KrokodilGena_Inc,Свободно,Бизнес,
Genas_CrocShop,Свободно,Бизнес,
chwedfgfgdf,Свободно,Пользовательская проверка,None
AncientWorldArchive,Свободно,Тема: Архив древнего мира,
ChronoScrolls,Занято,Археология,
LostCivilizations_bot,Свободно,Археология,
Ancient_Scribes,Свободно,Археология,minimal
HistorianBot,Занято,Археология,minimal
OldWorld_Data,Свободно,Археология,minimal
AncientArchives,Доступно для покупки,Археология,minimal
Forbes_Funk,Свободно,Бизнес,funky
Elite_BizBot,Свободно,Бизнес,funky
Money_Maker88,Занято,Бизнес,funky
Forbes_funk,Свободно,Бизнес,funky
Gtdfhhjj,Свободно,Пользовательская проверка,None
Market_Insights,Занято,Бизнес,
GrowthHackingTips,Занято,Бизнес,
MarketIntel_pro,Свободно,Бизнес,
ForbesBizBot,Свободно,Бизнес,
BeerBear,Занято,Пользовательская проверка,None
HariboBeer,Занято,Пользовательская проверка,None
bot_and_kot,Свободно,Пользовательская проверка,None
UniqueBotCraft,Свободно,Крафт и индивидуальность,
HandmadeBot_Studio,Свободно,Крафт и индивидуальность,
CraftBotsLab,Свободно,Крафт и индивидуальность,
PixelBotsmith,Свободно,Крафтовые боты,minimal
CodeWeavers_bot,Свободно,Крафтовые боты,minimal
Purr_fect_Automation_bot,Свободно,Funky CatBot Workshop,funky
FuzzyLogicBots,Свободно,Funky CatBot Workshop,funky
Catnip_Code_bot,Свободно,Funky CatBot Workshop,funky
glitchy_gizmo_creations_bot,Свободно,Крафтовые боты,cringe
pixelated_pals_bot,Свободно,Крафтовые боты,cringe
cringe_bot_factory,Свободно,Крафтовые боты,cringe
PixelPusherBots,Свободно,Бизнес,
Geargrind_bot,Свободно,Бизнес,
CraftBotsInc,Свободно,Бизнес,
Pixel_Puppetry_bot,Свободно,**Тема: Искусство и ручная работа**,
Pixelated_Bots,Свободно,**Крафт & Индивидуальность**,
CraftBot_Artisan,Свободно,**Крафт & Индивидуальность**,
CraftBotStudio,Свободно,Крафтовые боты,minimal
BotCraftWorkshop,Свободно,Крафтовые боты,minimal
CraftBotLab,Свободно,Крафтовые боты,minimal
Artisan_Bots,Свободно,Бизнес,strict
CraftBotWorkshop,Свободно,Бизнес,strict
